date,station,PM2.5,PM10,wind_speed,wind_dir,humidity,temperature,rainfall,NO2,NH3,CO,SO2,NO,NOx
2019-01-01,"MIDC Khutala, Chandrapur - MPCB",46.78,116.51,0.47,171.56,60.91,19.33,0.0,36.88,7.67,0.14,8.1,2.39,20.79
2019-01-02,"MIDC Khutala, Chandrapur - MPCB",41.6,100.59,0.59,142.27,61.58,20.32,0.0,45.4,9.16,0.13,11.99,1.93,25.09
2019-01-03,"MIDC Khutala, Chandrapur - MPCB",45.98,115.85,0.61,137.59,65.21,20.86,0.0,41.79,8.94,0.13,6.11,2.03,23.28
2019-01-04,"MIDC Khutala, Chandrapur - MPCB",49.03,102.07,0.76,143.98,61.8,21.95,0.0,48.3,9.53,0.13,7.33,2.63,27.26
2019-01-05,"MIDC Khutala, Chandrapur - MPCB",46.59,99.33,0.8,127.78,65.44,21.82,0.0,54.48,10.78,0.11,7.03,4.56,31.92
2019-01-06,"MIDC Khutala, Chandrapur - MPCB",43.7,85.84,0.87,133.85,72.01,22.28,0.0,53.0,11.75,0.09,5.36,7.24,33.46
2019-01-07,"MIDC Khutala, Chandrapur - MPCB",51.55,117.27,1.23,184.6,75.44,22.02,0.0,52.04,11.87,0.09,5.56,8.38,33.86
2019-01-08,"MIDC Khutala, Chandrapur - MPCB",44.51,99.35,0.67,206.33,62.2,19.49,0.0,45.39,10.53,0.09,4.92,9.38,31.21
2019-01-09,"MIDC Khutala, Chandrapur - MPCB",43.9,86.07,0.59,153.34,61.86,19.79,0.0,40.55,10.81,0.09,5.96,12.61,31.28
2019-01-10,"MIDC Khutala, Chandrapur - MPCB",38.54,94.05,1.05,135.17,60.72,20.53,0.0,37.43,10.27,0.11,8.08,10.72,27.9
2019-01-11,"MIDC Khutala, Chandrapur - MPCB",38.97,89.66,1.0,130.21,68.11,21.34,0.0,30.19,8.32,0.11,6.18,8.74,22.55
2019-01-12,"MIDC Khutala, Chandrapur - MPCB",37.85,88.3,1.07,112.6,76.51,22.81,0.0,33.18,10.09,0.15,3.85,17.34,30.46
2019-01-13,"MIDC Khutala, Chandrapur - MPCB",34.57,85.4,0.97,129.75,76.28,23.64,0.0,36.71,11.51,0.32,4.77,16.36,31.78
2019-01-14,"MIDC Khutala, Chandrapur - MPCB",44.52,105.04,1.06,108.03,76.37,23.41,0.0,35.06,11.61,0.35,6.12,14.53,29.65
2019-01-15,"MIDC Khutala, Chandrapur - MPCB",39.4,103.89,0.75,165.33,58.97,21.63,0.0,33.87,12.47,0.34,8.23,14.55,29.07
2019-01-16,"MIDC Khutala, Chandrapur - MPCB",34.14,97.31,0.76,170.2,60.26,21.29,0.0,26.0,11.12,0.34,6.43,13.43,23.74
2019-01-17,"MIDC Khutala, Chandrapur - MPCB",33.04,97.03,0.69,151.98,60.07,21.62,0.0,19.7,9.12,0.36,6.7,12.56,19.88
2019-01-18,"MIDC Khutala, Chandrapur - MPCB",37.85,109.07,0.66,141.11,56.81,22.13,0.0,25.04,12.28,0.36,6.81,12.43,22.93
2019-01-19,"MIDC Khutala, Chandrapur - MPCB",32.28,93.54,0.79,136.62,53.24,22.04,0.0,23.02,12.03,0.35,7.39,10.11,20.14
2019-01-20,"MIDC Khutala, Chandrapur - MPCB",32.16,100.36,0.63,155.66,55.51,21.89,0.0,19.07,12.77,0.37,10.19,12.37,19.86
2019-01-21,"MIDC Khutala, Chandrapur - MPCB",24.33,70.2,1.08,145.93,53.79,22.35,0.0,12.77,9.77,0.33,6.19,8.48,13.32
2019-01-22,"MIDC Khutala, Chandrapur - MPCB",27.14,70.15,1.11,136.18,59.19,23.89,0.0,12.33,8.98,0.31,5.07,6.24,11.21
2019-01-23,"MIDC Khutala, Chandrapur - MPCB",30.86,73.03,0.97,122.48,68.13,24.07,0.0,9.99,9.62,0.32,4.55,7.52,11.13
2019-01-24,"MIDC Khutala, Chandrapur - MPCB",28.1,64.18,1.14,146.51,71.8,23.82,0.0,5.76,10.69,0.32,4.92,9.41,9.89
2019-01-25,"MIDC Khutala, Chandrapur - MPCB",24.35,162.87,1.51,99.76,74.71,22.45,0.0,4.35,9.97,0.31,5.6,10.02,9.05
2019-01-26,"MIDC Khutala, Chandrapur - MPCB",28.95,37.76,1.19,73.31,90.81,20.43,0.0,2.24,10.37,0.32,4.46,11.69,8.08
2019-01-27,"MIDC Khutala, Chandrapur - MPCB",32.86,53.18,1.07,79.94,84.29,20.78,0.0,1.94,12.66,0.31,3.9,4.69,3.72
2019-01-28,"MIDC Khutala, Chandrapur - MPCB",38.24,64.57,0.96,204.97,72.62,20.06,0.0,10.82,246.51,0.31,5.22,4.8,7.48
2019-01-29,"MIDC Khutala, Chandrapur - MPCB",28.58,55.64,0.93,161.41,57.17,18.63,0.0,1.58,100.31,0.3,4.15,2.75,1.76
2019-01-30,"MIDC Khutala, Chandrapur - MPCB",36.61,67.19,0.67,161.65,57.96,18.7,0.0,1.48,30.17,0.31,6.07,2.62,1.64
2019-01-31,"MIDC Khutala, Chandrapur - MPCB",39.55,64.64,0.89,141.89,62.76,20.24,0.0,1.0,8.93,0.33,4.65,2.56,1.57
2019-02-01,"MIDC Khutala, Chandrapur - MPCB",48.67,75.82,1.01,107.64,69.77,22.36,0.0,0.39,1.53,0.37,4.73,1.96,1.14
2019-02-02,"MIDC Khutala, Chandrapur - MPCB",47.29,74.43,0.9,113.3,66.95,23.34,0.0,0.2,1.22,0.34,4.68,1.63,0.75
2019-02-03,"MIDC Khutala, Chandrapur - MPCB",47.23,76.81,0.96,116.85,59.38,23.4,0.0,0.37,1.52,0.33,4.77,2.31,0.82
2019-02-04,"MIDC Khutala, Chandrapur - MPCB",50.33,83.4,0.9,119.47,57.67,23.21,0.0,0.43,1.16,0.33,5.44,1.62,0.71
2019-02-05,"MIDC Khutala, Chandrapur - MPCB",54.98,88.41,0.78,148.71,60.99,23.24,0.0,1.05,1.36,0.34,6.7,4.35,2.67
2019-02-06,"MIDC Khutala, Chandrapur - MPCB",48.67,68.44,1.92,137.7,62.07,24.07,0.0,2.72,1.08,0.33,4.18,3.47,5.69
2019-02-07,"MIDC Khutala, Chandrapur - MPCB",40.68,62.52,3.1,146.03,57.63,26.0,0.0,0.95,1.48,0.3,5.36,6.24,3.96
2019-02-08,"MIDC Khutala, Chandrapur - MPCB",36.74,77.46,1.6,212.78,47.43,24.41,0.0,1.89,1.01,0.3,7.55,2.41,1.43
2019-02-09,"MIDC Khutala, Chandrapur - MPCB",39.84,85.09,1.67,146.99,37.7,20.87,0.0,3.34,0.97,0.29,5.14,1.29,0.62
2019-02-10,"MIDC Khutala, Chandrapur - MPCB",36.03,71.62,1.23,111.81,42.52,20.91,0.0,3.87,0.82,0.31,6.11,0.4,0.21
2019-02-11,"MIDC Khutala, Chandrapur - MPCB",45.77,90.46,0.95,122.02,49.75,22.93,0.0,3.77,0.86,0.33,10.02,2.9,0.75
2019-02-12,"MIDC Khutala, Chandrapur - MPCB",52.2,84.74,0.85,124.9,57.82,24.64,0.0,3.4,0.97,0.33,3.17,0.87,0.42
2019-02-13,"MIDC Khutala, Chandrapur - MPCB",50.8,80.94,1.01,110.55,56.64,25.23,0.0,6.07,4.2,0.34,3.21,1.72,3.83
2019-02-14,"MIDC Khutala, Chandrapur - MPCB",42.76,70.05,1.2,133.96,58.07,25.23,0.0,9.36,8.73,0.32,2.28,0.91,8.02
2019-02-15,"MIDC Khutala, Chandrapur - MPCB",37.08,63.15,1.62,137.81,62.65,26.57,0.0,9.5,8.82,0.3,2.34,0.69,7.83
2019-02-16,"MIDC Khutala, Chandrapur - MPCB",35.52,57.11,1.02,113.41,74.8,25.51,0.0,9.5,8.74,0.31,4.29,0.7,8.05
2019-02-17,"MIDC Khutala, Chandrapur - MPCB",43.86,72.59,0.83,182.4,64.4,24.47,0.0,9.33,8.57,0.31,3.29,1.0,8.42
2019-02-18,"MIDC Khutala, Chandrapur - MPCB",53.1,87.23,0.85,151.77,53.38,24.33,0.0,9.45,8.57,0.34,7.87,1.1,8.34
2019-02-19,"MIDC Khutala, Chandrapur - MPCB",51.16,80.64,1.6,124.51,54.95,26.55,0.0,8.93,8.84,0.35,9.9,2.34,8.05
2019-02-20,"MIDC Khutala, Chandrapur - MPCB",39.95,59.98,2.25,117.02,65.33,27.93,0.0,9.6,8.74,0.3,4.27,1.16,8.61
2019-02-21,"MIDC Khutala, Chandrapur - MPCB",32.56,60.34,1.3,125.42,59.67,28.44,0.0,9.64,8.81,0.31,3.88,1.06,8.06
2019-02-22,"MIDC Khutala, Chandrapur - MPCB",38.7,68.74,0.85,175.17,56.48,29.12,0.0,8.76,4.48,0.32,3.92,1.07,9.17
2019-02-23,"MIDC Khutala, Chandrapur - MPCB",42.2,79.84,1.13,206.36,55.95,28.94,0.0,8.85,2.87,0.33,5.32,3.66,10.16
2019-02-24,"MIDC Khutala, Chandrapur - MPCB",41.56,67.49,2.02,203.75,50.06,29.43,0.0,7.94,1.12,0.32,2.3,0.78,9.6
2019-02-25,"MIDC Khutala, Chandrapur - MPCB",37.37,71.88,2.28,257.93,41.78,28.07,0.0,8.17,1.45,0.32,2.2,1.73,9.44
2019-02-26,"MIDC Khutala, Chandrapur - MPCB",42.82,86.69,1.85,216.61,41.92,26.74,0.0,7.77,1.36,0.33,3.4,1.77,9.08
2019-02-27,"MIDC Khutala, Chandrapur - MPCB",40.56,79.19,2.3,222.74,40.6,26.48,0.0,7.88,1.25,0.3,2.85,1.3,9.25
2019-02-28,"MIDC Khutala, Chandrapur - MPCB",37.07,69.65,1.87,158.1,47.77,25.33,0.0,8.19,1.49,0.3,1.99,1.15,9.71
2019-03-01,"MIDC Khutala, Chandrapur - MPCB",34.79,60.56,1.4,112.74,46.57,25.88,0.0,7.66,1.02,0.29,3.11,0.74,9.46
2019-03-02,"MIDC Khutala, Chandrapur - MPCB",41.17,64.91,2.51,163.37,61.53,26.88,0.0,7.92,1.18,0.3,3.23,0.86,9.5
2019-03-03,"MIDC Khutala, Chandrapur - MPCB",26.43,40.65,3.39,162.8,63.69,29.44,0.0,8.09,1.62,0.29,2.88,1.62,9.21
2019-03-04,"MIDC Khutala, Chandrapur - MPCB",31.36,56.6,1.27,191.29,55.77,29.07,0.0,7.89,1.22,0.31,4.32,0.93,9.46
2019-03-05,"MIDC Khutala, Chandrapur - MPCB",40.43,81.16,2.27,288.93,42.31,27.92,0.0,7.93,1.31,0.3,2.56,1.15,9.89
2019-03-06,"MIDC Khutala, Chandrapur - MPCB",34.5,64.61,1.22,215.15,41.37,26.43,0.0,9.18,3.21,0.3,2.81,4.1,8.85
2019-03-07,"MIDC Khutala, Chandrapur - MPCB",43.09,70.74,0.9,142.78,45.33,26.38,0.0,9.68,3.76,0.31,4.62,5.57,8.12
2019-03-08,"MIDC Khutala, Chandrapur - MPCB",43.33,73.26,0.8,157.76,43.42,27.02,0.0,9.48,3.23,0.32,4.89,4.61,8.59
2019-03-09,"MIDC Khutala, Chandrapur - MPCB",53.2,116.5,1.01,205.71,44.26,28.37,0.0,8.35,2.21,0.33,3.23,2.66,9.85
2019-03-10,"MIDC Khutala, Chandrapur - MPCB",59.05,98.34,0.85,183.29,45.03,29.21,0.0,10.67,5.07,0.33,3.71,8.15,9.23
2019-03-11,"MIDC Khutala, Chandrapur - MPCB",42.35,72.19,0.95,171.16,54.14,30.3,0.0,11.24,5.23,0.32,3.71,8.09,8.68
2019-03-12,"MIDC Khutala, Chandrapur - MPCB",45.31,82.74,0.76,171.24,51.01,30.43,0.0,10.48,4.73,0.32,6.55,7.65,8.0
2019-03-13,"MIDC Khutala, Chandrapur - MPCB",39.89,71.77,2.27,147.01,47.74,30.92,0.0,12.97,6.37,0.3,4.57,11.12,8.56
2019-03-14,"MIDC Khutala, Chandrapur - MPCB",38.61,71.12,1.55,159.6,45.08,30.09,0.0,12.25,8.1,0.31,5.3,12.92,10.96
2019-03-15,"MIDC Khutala, Chandrapur - MPCB",51.38,88.28,1.12,205.46,39.5,30.61,0.0,8.92,9.61,0.33,4.72,8.8,11.35
2019-03-16,"MIDC Khutala, Chandrapur - MPCB",44.38,73.73,1.48,145.44,39.0,30.23,0.0,11.01,11.31,0.31,3.22,15.38,17.18
2019-03-17,"MIDC Khutala, Chandrapur - MPCB",32.76,59.74,2.58,141.3,42.92,30.99,0.0,8.47,9.46,0.29,1.66,15.67,16.26
2019-03-18,"MIDC Khutala, Chandrapur - MPCB",34.99,65.3,2.09,129.89,43.1,29.94,0.0,8.17,8.58,0.3,3.92,4.33,9.23
2019-03-19,"MIDC Khutala, Chandrapur - MPCB",28.66,52.13,1.41,114.13,49.27,29.8,0.0,8.52,8.6,0.31,11.39,2.93,8.41
2019-03-20,"MIDC Khutala, Chandrapur - MPCB",39.66,64.28,2.44,116.85,56.31,29.89,0.0,9.59,8.49,0.31,6.13,1.52,8.57
2019-03-21,"MIDC Khutala, Chandrapur - MPCB",29.83,46.08,1.49,126.67,64.5,28.59,0.0,9.36,8.69,0.31,2.0,0.81,8.06
2019-03-22,"MIDC Khutala, Chandrapur - MPCB",30.29,58.26,1.02,159.98,56.74,29.83,0.0,8.71,8.95,0.31,8.43,1.65,7.97
2019-03-23,"MIDC Khutala, Chandrapur - MPCB",36.99,62.58,0.92,137.23,45.17,30.92,0.0,8.04,8.52,0.31,6.39,3.11,8.85
2019-03-24,"MIDC Khutala, Chandrapur - MPCB",41.06,78.82,0.93,152.69,34.37,30.58,0.0,9.07,9.64,0.32,5.39,3.29,8.86
2019-03-25,"MIDC Khutala, Chandrapur - MPCB",58.05,107.59,0.88,125.56,35.75,30.89,0.0,9.12,9.08,0.36,6.09,5.32,10.39
2019-03-26,"MIDC Khutala, Chandrapur - MPCB",56.17,105.28,0.86,168.69,36.46,32.07,0.0,9.49,8.69,0.35,7.3,1.07,8.12
2019-03-27,"MIDC Khutala, Chandrapur - MPCB",46.81,87.37,0.85,150.28,42.65,31.62,0.0,8.59,8.7,0.33,8.68,1.78,8.07
2019-03-28,"MIDC Khutala, Chandrapur - MPCB",52.74,89.88,0.98,116.53,31.71,31.18,0.0,7.79,8.78,0.35,4.9,4.18,9.03
2019-03-29,"MIDC Khutala, Chandrapur - MPCB",58.06,102.16,0.77,147.48,28.61,30.56,0.0,8.93,13.01,0.38,4.84,5.67,9.27
2019-03-30,"MIDC Khutala, Chandrapur - MPCB",62.17,102.12,0.95,172.3,33.89,32.14,0.0,9.96,9.75,0.37,3.58,5.88,11.14
2019-03-31,"MIDC Khutala, Chandrapur - MPCB",47.4,80.72,0.79,171.86,33.6,33.34,0.0,9.39,9.6,0.34,5.59,5.86,10.09
2019-04-01,"MIDC Khutala, Chandrapur - MPCB",41.27,80.91,0.95,202.3,25.71,33.53,0.0,9.63,9.11,0.33,6.55,1.21,8.02
2019-04-02,"MIDC Khutala, Chandrapur - MPCB",36.73,67.12,1.26,123.52,34.06,35.38,0.0,9.42,9.37,0.32,7.75,1.47,8.67
2019-04-03,"MIDC Khutala, Chandrapur - MPCB",41.4,77.53,1.56,125.31,43.08,31.39,0.0,9.91,8.73,0.33,5.14,1.21,8.58
2019-04-04,"MIDC Khutala, Chandrapur - MPCB",25.19,51.16,2.21,156.73,32.16,35.83,0.0,9.94,8.53,0.29,1.49,0.89,8.34
2019-04-05,"MIDC Khutala, Chandrapur - MPCB",23.16,41.3,1.0,185.13,27.96,34.82,0.0,9.26,8.71,0.31,3.61,1.36,8.3
2019-04-06,"MIDC Khutala, Chandrapur - MPCB",38.13,72.68,1.5,148.03,38.07,30.27,0.0,10.75,9.3,0.32,7.28,1.27,8.24
2019-04-07,"MIDC Khutala, Chandrapur - MPCB",25.59,117.06,1.46,183.71,26.45,35.64,0.0,8.27,10.262,0.3,2.17,6.51,11.08
2019-04-08,"MIDC Khutala, Chandrapur - MPCB",29.77,60.72,1.31,137.18,36.17,32.89,0.0,8.27,11.224,0.31,4.83,3.87,8.94
2019-04-09,"MIDC Khutala, Chandrapur - MPCB",25.65,49.98,1.58,145.4,39.06,33.37,0.0,7.64,12.186,0.31,3.1,9.69,12.26
2019-04-10,"MIDC Khutala, Chandrapur - MPCB",27.16,58.11,0.92,155.68,35.65,33.95,0.0,6.52,13.148000000000001,0.31,2.79,9.36,11.55
2019-04-11,"MIDC Khutala, Chandrapur - MPCB",28.78,60.29,1.32,163.87,31.27,35.21,0.0,6.93,14.110000000000001,0.31,6.92,10.36,12.71
2019-04-12,"MIDC Khutala, Chandrapur - MPCB",35.6,69.83,2.5,140.38,37.46,32.01,0.0,6.84,15.072000000000001,0.3,0.6,12.01,13.91
2019-04-13,"MIDC Khutala, Chandrapur - MPCB",26.29,81.97,0.8,136.27,24.29,36.4,0.0,8.87,16.034000000000002,0.4,12.35,2.45,8.58
2019-04-14,"MIDC Khutala, Chandrapur - MPCB",62.07,109.87,0.86,145.73,40.31,29.27,0.0,8.31,14.5,0.49,8.75,4.38,8.79
2019-04-15,"MIDC Khutala, Chandrapur - MPCB",32.73,77.57,2.25,184.38,27.54,35.29,0.0,9.78,14.5,0.42,1.94,0.67,7.88
2019-04-16,"MIDC Khutala, Chandrapur - MPCB",25.33,53.23,1.51,200.21,37.87,32.26,0.0,23.66,18.92,0.42,3.48,3.52,21.42
2019-04-17,"MIDC Khutala, Chandrapur - MPCB",25.01,60.7,1.09,196.37,43.86,31.15,0.0,62.5,19.69,0.42,6.92,3.82,53.79
2019-04-18,"MIDC Khutala, Chandrapur - MPCB",29.67,96.84,0.99,175.12,37.11,32.81,0.0,66.44,22.17,0.46,11.1,4.84,55.84
2019-04-19,"MIDC Khutala, Chandrapur - MPCB",23.81,57.69,1.38,169.04,40.35,32.84,0.0,64.23,21.16,0.42,3.26,6.11,53.92
2019-04-20,"MIDC Khutala, Chandrapur - MPCB",15.95,37.69,1.93,121.96,46.0,31.88,0.0,65.96,20.88,0.42,1.8,3.97,54.24
2019-04-21,"MIDC Khutala, Chandrapur - MPCB",14.62,41.21,1.87,124.33,45.13,32.16,0.0,64.23,19.78,0.41,2.92,3.91,51.34
2019-04-22,"MIDC Khutala, Chandrapur - MPCB",14.18,46.5,1.63,148.35,44.18,31.7,0.0,62.03,18.44,0.41,3.79,3.75,49.15
2019-04-23,"MIDC Khutala, Chandrapur - MPCB",26.59,102.49,0.89,154.98,36.18,32.89,0.0,66.91,24.26,0.45,6.45,3.99,52.68
2019-04-24,"MIDC Khutala, Chandrapur - MPCB",20.07,105.1725,0.84,145.16,36.08,33.97,0.0,61.9,21.57,0.42,4.75,3.75,45.6
2019-04-25,"MIDC Khutala, Chandrapur - MPCB",28.07333333333333,107.85499999999999,11.9,203.0,25.0,35.9,0.0,57.849999999999994,18.82,0.435,6.435,3.4699999999999998,41.075
2019-04-26,"MIDC Khutala, Chandrapur - MPCB",36.07666666666667,110.5375,0.73,149.95,32.86,34.9,0.0,53.8,16.07,0.45,8.12,3.19,36.55
2019-04-27,"MIDC Khutala, Chandrapur - MPCB",44.08,113.22,1.18,134.54,25.15,36.88,0.0,34.12,18.77,0.43,3.07,3.43,23.93
2019-04-28,"MIDC Khutala, Chandrapur - MPCB",42.61,124.8,1.65,133.7,31.78,36.08,0.0,59.73,32.8,0.43,4.12,4.01,44.96
2019-04-29,"MIDC Khutala, Chandrapur - MPCB",38.68,85.92,1.76,147.55,34.64,35.53,0.0,2.31,31.483478260869564,0.43,3.34,1.15,3.5
2019-04-30,"MIDC Khutala, Chandrapur - MPCB",38.37,81.79,1.39,146.26,29.91,35.6,0.0,2.57,30.166956521739127,0.43,7.73,1.190909090909091,4.057727272727273
2019-05-01,"MIDC Khutala, Chandrapur - MPCB",46.76,90.85,1.19,171.4,25.82,36.41,0.0,2.83,28.850434782608694,0.43,6.03,1.2318181818181817,4.615454545454545
2019-05-02,"MIDC Khutala, Chandrapur - MPCB",39.87,105.2,1.28,234.53,26.08,35.43,0.0,3.09,27.533913043478258,0.43,5.75,1.2727272727272727,5.173181818181819
2019-05-03,"MIDC Khutala, Chandrapur - MPCB",42.91,119.85,1.78,241.94,26.61,34.32,0.0,3.3499999999999996,26.217391304347824,0.44,4.06,1.3136363636363635,5.7309090909090905
2019-05-04,"MIDC Khutala, Chandrapur - MPCB",40.16,121.63,1.8,238.73,20.02,34.69,0.0,3.61,24.90086956521739,0.42,4.11,1.3545454545454545,6.288636363636364
2019-05-05,"MIDC Khutala, Chandrapur - MPCB",41.9,99.17,1.55,255.84,20.21,34.83,0.0,3.8699999999999997,23.584347826086955,0.44,5.37,1.3954545454545453,6.846363636363637
2019-05-06,"MIDC Khutala, Chandrapur - MPCB",38.85,91.23,1.19,237.54,21.19,34.28,0.0,4.13,14.5,0.44,7.13,1.4363636363636363,7.404090909090909
2019-05-07,"MIDC Khutala, Chandrapur - MPCB",54.36,146.64,1.26,226.25,20.46,35.29,0.0,7.68,14.5,0.46,7.64,10.74,18.4
2019-05-08,"MIDC Khutala, Chandrapur - MPCB",48.96,110.37,0.88,205.77,19.06,35.72,0.0,7.68,14.5,0.45,5.08,10.74,18.4
2019-05-09,"MIDC Khutala, Chandrapur - MPCB",35.25,86.19,1.41,247.2,19.44,36.62,0.0,7.68,14.5,0.42,4.01,10.74,18.4
2019-05-10,"MIDC Khutala, Chandrapur - MPCB",43.64,98.05,1.03,217.64,21.84,35.16,0.0,7.68,14.5,0.45,5.85,10.74,18.4
2019-05-11,"MIDC Khutala, Chandrapur - MPCB",41.01,97.95,1.2,211.14,25.31,35.47,0.0,7.68,14.5,0.43,6.64,10.74,18.4
2019-05-12,"MIDC Khutala, Chandrapur - MPCB",38.91,71.8,1.28,217.34,26.33,35.74,0.0,7.68,14.5,0.42,5.81,10.74,18.4
2019-05-13,"MIDC Khutala, Chandrapur - MPCB",45.77,104.65,0.84,138.13,27.04,35.72,0.0,7.68,14.5,0.43,10.57,10.74,18.4
2019-05-14,"MIDC Khutala, Chandrapur - MPCB",47.29,98.15,1.1,190.73,27.0,36.06,0.0,7.68,14.5,0.43,8.32,10.74,18.4
2019-05-15,"MIDC Khutala, Chandrapur - MPCB",46.86,116.83,1.09,200.9,28.1,35.81,0.0,7.68,14.5,0.44,13.17,10.74,18.4
2019-05-16,"MIDC Khutala, Chandrapur - MPCB",31.44,76.04,1.36,210.13,25.75,36.24,0.0,7.68,14.5,0.42,8.73,10.74,18.4
2019-05-17,"MIDC Khutala, Chandrapur - MPCB",49.38,97.9,1.09,239.46,21.99,36.11,0.0,7.68,14.5,0.43,8.36,10.74,18.4
2019-05-18,"MIDC Khutala, Chandrapur - MPCB",46.56,129.17,1.09,245.76,22.34,35.75,0.0,7.68,14.5,0.43,6.92,10.74,18.4
2019-05-19,"MIDC Khutala, Chandrapur - MPCB",55.15,122.35,0.74,188.84,22.48,35.8,0.0,7.68,14.5,0.44,10.71,10.74,18.4
2019-05-20,"MIDC Khutala, Chandrapur - MPCB",57.15,170.9,0.84,155.29,25.29,35.72,0.0,7.68,14.5,0.48,22.41,10.74,18.4
2019-05-21,"MIDC Khutala, Chandrapur - MPCB",52.35,108.66,1.85,166.22,29.3,35.99,0.0,8.03,2.52,0.44,7.83,2.05,15.77
2019-05-22,"MIDC Khutala, Chandrapur - MPCB",39.47,75.81,1.88,148.76,29.87,36.76,0.0,4.9,32.88,0.43,6.99,78.59,65.99
2019-05-23,"MIDC Khutala, Chandrapur - MPCB",37.91,70.39,1.84,163.45,31.49,36.17,0.0,1.43,2.38,0.43,7.96,5.92,3.43
2019-05-24,"MIDC Khutala, Chandrapur - MPCB",36.27,75.87,2.06,197.48,30.11,36.55,0.0,2.26,1.63,0.44,4.61,1.91,2.07
2019-05-25,"MIDC Khutala, Chandrapur - MPCB",46.16,95.05,1.28,219.08,21.65,37.13,0.0,0.73,0.46,0.43,9.57,0.56,0.38
2019-05-26,"MIDC Khutala, Chandrapur - MPCB",50.71,120.52,1.04,215.47,23.74,37.35,0.0,0.19,0.2,0.45,11.97,0.33,0.17
2019-05-27,"MIDC Khutala, Chandrapur - MPCB",42.79,92.98,1.3,260.61,20.06,37.92,0.0,1.01,0.73,0.43,5.87,0.97,0.67
2019-05-28,"MIDC Khutala, Chandrapur - MPCB",43.55,90.9,1.37,231.67,19.71,38.21,0.0,2.5,1.55,0.42,3.5,1.83,1.51
2019-05-29,"MIDC Khutala, Chandrapur - MPCB",45.89,110.53,1.58,166.53,22.98,37.29,0.0,0.22,0.11,0.43,4.96,0.24,0.11
2019-05-30,"MIDC Khutala, Chandrapur - MPCB",37.52,78.26,2.63,155.88,34.11,36.38,0.0,2.09,0.98,0.41,1.7,1.3,1.09
2019-05-31,"MIDC Khutala, Chandrapur - MPCB",31.47,78.85,2.32,160.24,35.56,36.38,0.0,0.39,0.13,0.42,2.61,0.38,0.21
2019-06-01,"MIDC Khutala, Chandrapur - MPCB",37.1,95.21,2.59,180.03,51.66,33.69,0.0,1.03,0.68,0.45,6.82,0.97,0.62
2019-06-02,"MIDC Khutala, Chandrapur - MPCB",25.22,93.79499999999999,17.2,196.0,31.0,38.0,0.0,0.96,0.63,0.435,8.215,0.985,0.655
2019-06-03,"MIDC Khutala, Chandrapur - MPCB",13.34,92.38,2.06,157.14,42.69,35.54,0.0,0.89,0.58,0.42,9.61,1.0,0.69
2019-06-04,"MIDC Khutala, Chandrapur - MPCB",1.46,57.91,2.01,155.97,49.25,34.13,0.0,0.52,0.59,0.42,1.89,3.99,3.65
2019-06-05,"MIDC Khutala, Chandrapur - MPCB",1.22,82.36,1.27,193.01,34.19,37.13,0.0,1.01,0.73,0.42,3.84,1.22,0.85
2019-06-06,"MIDC Khutala, Chandrapur - MPCB",3.07,104.42,1.42,179.44,30.78,37.89,0.0,0.73,1.13,0.43,5.23,1.34,1.04
2019-06-07,"MIDC Khutala, Chandrapur - MPCB",2.96,74.34,2.53,164.18,43.2,34.94,0.0,1.15,3.12,0.42,2.01,6.55,5.08
2019-06-08,"MIDC Khutala, Chandrapur - MPCB",2.85,55.23,1.5,191.25,52.66,33.55,0.0,0.14,0.15,0.43,3.03,0.31,0.17
2019-06-09,"MIDC Khutala, Chandrapur - MPCB",1.0,68.89,1.54,219.9,40.61,35.37,0.0,0.4,0.32,0.42,1.16,0.71,0.52
2019-06-10,"MIDC Khutala, Chandrapur - MPCB",1.14,67.51,2.22,219.83,36.01,36.5,0.0,0.07,0.11,0.42,1.03,0.24,0.11
2019-06-11,"MIDC Khutala, Chandrapur - MPCB",2.58,62.37,2.17,190.47,39.48,35.7,0.0,0.09,0.12,0.41,1.42,0.29,0.14
2019-06-16,"MIDC Khutala, Chandrapur - MPCB",5.59,346.9,21.3,287.0,37.0,36.6,0.0,1.53,1.77,0.4,1.21,3.12,2.43
2019-06-17,"MIDC Khutala, Chandrapur - MPCB",1.55,52.82,2.72,164.92,46.62,34.68,0.0,1.09,0.82,0.4,1.43,1.57,1.02
2019-06-18,"MIDC Khutala, Chandrapur - MPCB",79.96,55.67,2.08,200.96,41.27,34.78,0.0,1.07,1.27,0.4,1.95,3.07,1.55
2019-06-19,"MIDC Khutala, Chandrapur - MPCB",34.5,57.16,1.99,206.94,36.36,35.45,0.0,2.92,2.65,0.4,1.41,6.85,3.69
2019-06-20,"MIDC Khutala, Chandrapur - MPCB",24.13,59.28,2.5,225.33,53.17,33.1,0.0,2.0,2.56,0.41,2.3,3.69,2.3
2019-06-21,"MIDC Khutala, Chandrapur - MPCB",19.24,36.71,1.99,174.57,69.17,30.51,0.0,2.1,2.19,0.41,2.18,4.36,2.71
2019-06-22,"MIDC Khutala, Chandrapur - MPCB",21.95,39.07,2.09,211.17,71.29,29.52,0.0,0.92,1.35,0.41,2.35,3.42,2.84
2019-06-23,"MIDC Khutala, Chandrapur - MPCB",12.77,36.25,1.64,167.34,81.53,28.69,0.0,1.35,1.59,0.41,1.71,6.59,4.06
2019-06-24,"MIDC Khutala, Chandrapur - MPCB",9.79,30.39,1.39,142.03,72.73,30.06,0.0,0.4,0.32,0.41,1.06,1.46,0.56
2019-06-25,"MIDC Khutala, Chandrapur - MPCB",10.39,30.38,2.06,155.72,64.71,32.35,0.0,0.36,0.37,0.4,1.42,1.19,0.45
2019-06-26,"MIDC Khutala, Chandrapur - MPCB",9.92,31.99,1.64,174.01,59.75,33.1,0.0,0.34,0.28,0.41,1.86,1.14,0.43
2019-06-27,"MIDC Khutala, Chandrapur - MPCB",7.89,36.31,1.64,216.04,61.7,32.23,0.0,0.56,0.47,0.39,3.17,2.54,1.35
2019-06-28,"MIDC Khutala, Chandrapur - MPCB",7.28,24.05,2.4,226.31,83.99,28.59,0.0,0.5,0.34,0.39,5.58,1.06,0.34
2019-06-29,"MIDC Khutala, Chandrapur - MPCB",11.626666666666667,51.010000000000005,17.2,252.0,84.0,27.7,23.9,2.5100000000000002,2.6233333333333335,0.38,5.136666666666667,4.62,3.6033333333333335
2019-06-30,"MIDC Khutala, Chandrapur - MPCB",15.973333333333333,77.97000000000001,20.1,278.0,82.0,26.7,20.7,4.5200000000000005,4.906666666666667,0.37,4.693333333333333,8.18,6.866666666666667
2019-07-01,"MIDC Khutala, Chandrapur - MPCB",20.32,104.93,1.73,189.05,83.34,28.72,0.0,6.53,7.19,0.36,4.25,11.74,10.13
2019-07-02,"MIDC Khutala, Chandrapur - MPCB",6.74,17.36,1.83,205.8,88.81,26.76,0.0,1.7,1.72,0.41,0.58,4.56,3.12
2019-07-03,"MIDC Khutala, Chandrapur - MPCB",6.39,19.67,2.54,223.6,89.1,27.04,0.0,0.38,0.39,0.41,0.45,1.23,0.52
2019-07-04,"MIDC Khutala, Chandrapur - MPCB",7.33,25.2,2.15,226.22,82.74,28.21,0.0,0.35,0.41,0.41,1.61,1.35,0.66
2019-07-05,"MIDC Khutala, Chandrapur - MPCB",9.6,26.71,1.95,226.84,90.45,27.24,0.0,0.63,0.48,0.41,0.62,1.64,0.74
2019-07-06,"MIDC Khutala, Chandrapur - MPCB",4.14,16.68,2.47,219.38,85.05,27.47,0.0,4.11,3.69,0.4,1.19,6.78,5.35
2019-07-07,"MIDC Khutala, Chandrapur - MPCB",5.05,15.79,2.37,226.35,83.86,28.09,0.0,3.41,3.11,0.4,1.94,6.98,4.94
2019-07-08,"MIDC Khutala, Chandrapur - MPCB",6.51,25.7,2.12,223.94,83.6,28.12,0.0,0.97,0.99,0.41,0.58,3.16,1.74
2019-07-09,"MIDC Khutala, Chandrapur - MPCB",7.01,20.78,1.65,180.64,92.18,27.11,0.0,2.12,1.95,0.42,1.48,4.13,3.0
2019-07-10,"MIDC Khutala, Chandrapur - MPCB",6.3,14.84,2.03,168.93,77.57,28.34,0.0,0.76,0.63,0.41,0.86,2.22,1.24
2019-07-11,"MIDC Khutala, Chandrapur - MPCB",5.02,12.78,2.19,200.32,87.92,27.5,0.0,2.65,2.51,0.41,0.72,5.1,3.54
2019-07-12,"MIDC Khutala, Chandrapur - MPCB",8.03,23.65,2.05,197.32,80.61,29.04,0.0,1.36,1.1,0.4,1.84,2.83,1.47
2019-07-13,"MIDC Khutala, Chandrapur - MPCB",8.46,37.55,1.91,208.37,70.69,30.47,0.0,1.9,1.43,0.41,0.72,2.86,1.83
2019-07-14,"MIDC Khutala, Chandrapur - MPCB",8.18,273.83,1.94,208.62,68.05,30.82,0.0,1.33,1.16,0.4,1.13,3.06,2.12
2019-07-15,"MIDC Khutala, Chandrapur - MPCB",9.93,43.68,1.71,198.66,69.45,30.33,0.0,0.24,0.35,0.41,0.64,1.04,0.39
2019-07-16,"MIDC Khutala, Chandrapur - MPCB",15.16,65.76,1.4,213.84,62.82,31.14,0.0,0.2,0.33,0.41,1.46,1.06,0.35
2019-07-17,"MIDC Khutala, Chandrapur - MPCB",17.85,72.33,1.28,224.2,60.82,31.66,0.0,0.32,0.32,0.41,2.65,1.36,0.51
2019-07-18,"MIDC Khutala, Chandrapur - MPCB",17.82,65.54,1.43,200.69,64.14,31.11,0.0,0.38,0.35,0.41,2.42,1.6,0.67
2019-07-19,"MIDC Khutala, Chandrapur - MPCB",17.95,43.23,1.0,201.42,78.43,29.7,0.0,5.68,0.31,0.41,2.82,3.32,7.79
2019-07-20,"MIDC Khutala, Chandrapur - MPCB",17.0,43.76,1.25,141.84,77.84,29.64,0.0,8.1,0.29,0.41,3.25,4.34,13.12
2019-07-21,"MIDC Khutala, Chandrapur - MPCB",11.33,29.04,1.88,143.35,80.93,29.62,0.0,7.89,0.26,0.41,2.95,4.21,12.88
2019-07-22,"MIDC Khutala, Chandrapur - MPCB",11.71,29.18,1.8,133.69,74.17,30.62,0.0,8.04,0.86,0.41,0.94,6.67,15.04
2019-07-23,"MIDC Khutala, Chandrapur - MPCB",6.64,22.02,1.58,147.36,69.39,31.45,0.0,6.01,0.84,0.41,5.13,8.36,13.49
2019-07-24,"MIDC Khutala, Chandrapur - MPCB",12.1,25.77,1.37,152.45,72.05,30.74,0.0,6.7,8.24,0.42,3.64,5.03,12.72
2019-07-25,"MIDC Khutala, Chandrapur - MPCB",1.92,19.72,2.33,214.77,73.93,29.89,0.0,7.6,16.28,0.4,0.68,4.37,12.89
2019-07-26,"MIDC Khutala, Chandrapur - MPCB",6.76,17.38,2.16,214.34,90.82,26.66,0.0,7.79,21.56,0.41,2.0,31.27,41.12
2019-07-31,"MIDC Khutala, Chandrapur - MPCB",11.89,31.65,2.16,229.6,91.63,26.04,0.0,7.54,14.83,0.41,7.75,11.93,18.92
2019-08-01,"MIDC Khutala, Chandrapur - MPCB",12.61,48.61,1.98,215.37,93.85,26.18,0.0,7.94,14.98,0.41,7.57,11.58,18.93
2019-08-02,"MIDC Khutala, Chandrapur - MPCB",19.66,39.44,2.35,225.26,97.09,25.52,0.0,7.72,15.11,0.41,7.34,12.07,19.19
2019-08-03,"MIDC Khutala, Chandrapur - MPCB",6.28,17.63,3.14,221.85,93.5,25.84,0.0,7.74,14.97,0.4,7.89,11.57,18.81
2019-08-04,"MIDC Khutala, Chandrapur - MPCB",2.45,19.44,2.2,217.28,83.76,27.86,0.0,7.97,14.89,0.4,7.34,11.63,18.99
2019-08-05,"MIDC Khutala, Chandrapur - MPCB",15.7,54.44,2.08,238.04,85.18,27.97,0.0,8.23,14.88,0.41,9.95,10.76,18.34
2019-08-06,"MIDC Khutala, Chandrapur - MPCB",3.25,44.33,1.93,234.97,94.27,27.19,0.0,8.12,18.39,0.38,7.6,33.77,33.43
2019-08-07,"MIDC Khutala, Chandrapur - MPCB",16.83,44.32,2.33,249.08,95.45,26.2,0.0,8.93,15.16,0.4,8.04,15.29,20.6
2019-08-08,"MIDC Khutala, Chandrapur - MPCB",16.03,48.22,2.98,231.1,95.67,25.5,0.0,7.33,15.14,0.4,8.04,14.22,20.07
2019-08-09,"MIDC Khutala, Chandrapur - MPCB",22.84,92.52,1.99,179.64,87.05,27.31,0.0,5.68,14.37,0.4,7.83,13.9,18.81
2019-08-10,"MIDC Khutala, Chandrapur - MPCB",19.95,91.38,1.51,175.27,83.08,28.53,0.0,6.45,14.5,0.4,7.05,11.56,17.92
2019-08-11,"MIDC Khutala, Chandrapur - MPCB",30.2,119.46,1.35,240.34,83.84,28.82,0.0,7.87,15.04,0.41,7.39,11.7,18.96
2019-08-12,"MIDC Khutala, Chandrapur - MPCB",36.36,153.77,1.67,247.05,84.65,28.4,0.0,7.74,15.08,0.41,8.14,12.17,19.27
2019-08-13,"MIDC Khutala, Chandrapur - MPCB",43.77,102.59,1.69,253.52,94.29,25.99,0.0,8.12,14.98,0.41,7.85,12.06,19.41
2019-08-14,"MIDC Khutala, Chandrapur - MPCB",32.67,86.9,2.01,252.37,82.35,28.56,0.0,7.63,14.97,0.41,8.56,11.17,18.42
2019-08-15,"MIDC Khutala, Chandrapur - MPCB",11.73,63.51,2.71,250.51,66.11,31.81,0.0,5.71,13.42,0.41,8.11,11.54,16.33
2019-08-16,"MIDC Khutala, Chandrapur - MPCB",16.16,59.27,1.47,236.34,74.83,30.57,0.0,8.11,14.99,0.41,7.66,11.68,19.09
2019-08-17,"MIDC Khutala, Chandrapur - MPCB",25.97,81.29,1.23,235.8,80.55,29.09,0.0,7.6,15.02,0.41,7.59,11.85,18.96
2019-08-18,"MIDC Khutala, Chandrapur - MPCB",34.51,98.57,1.3,213.03,85.47,28.88,0.0,7.89,14.9,0.41,8.26,11.77,19.04
2019-08-19,"MIDC Khutala, Chandrapur - MPCB",27.76,74.47,1.42,241.58,83.65,28.6,0.0,8.1,14.99,0.41,8.76,11.64,19.05
2019-08-20,"MIDC Khutala, Chandrapur - MPCB",21.99,60.06,1.94,251.55,84.6,28.43,0.0,7.64,14.96,0.41,7.04,12.16,19.14
2019-08-21,"MIDC Khutala, Chandrapur - MPCB",15.33,63.64,1.48,225.66,87.65,27.02,0.0,7.96,14.97,0.39,9.37,11.59,18.46
2019-08-22,"MIDC Khutala, Chandrapur - MPCB",30.58,59.65,1.6,234.14,86.87,26.98,0.0,8.06,15.03,0.42,8.07,11.63,19.04
2019-08-23,"MIDC Khutala, Chandrapur - MPCB",25.75,54.12,1.49,255.34,87.89,26.67,0.0,8.37,15.03,0.41,7.28,11.82,19.34
2019-08-24,"MIDC Khutala, Chandrapur - MPCB",16.189999999999998,43.605000000000004,1.86,248.32,87.55,27.41,0.0,7.98,15.05,0.41,7.79,11.72,19.05
2019-08-25,"MIDC Khutala, Chandrapur - MPCB",6.63,33.09,1.96,236.76,92.66,26.46,0.0,7.85,15.0,0.41,9.14,12.01,19.17
2019-08-26,"MIDC Khutala, Chandrapur - MPCB",18.51,50.45,1.98,234.6,95.27,25.74,0.0,7.67,15.02,0.41,7.66,11.83,18.99
2019-08-27,"MIDC Khutala, Chandrapur - MPCB",16.04,44.5,1.75,244.34,90.52,26.39,0.0,7.92,15.0,0.4,8.11,11.86,19.13
2019-08-28,"MIDC Khutala, Chandrapur - MPCB",24.05,52.65,0.9,198.01,83.23,27.65,0.0,7.92,15.01,0.42,7.75,11.67,18.99
2019-08-29,"MIDC Khutala, Chandrapur - MPCB",26.04,65.79,0.86,201.08,85.42,28.67,0.0,7.6,15.04,0.42,8.07,11.74,18.87
2019-08-30,"MIDC Khutala, Chandrapur - MPCB",21.92,61.58,1.29,222.31,88.78,28.23,0.0,7.69,15.22,0.42,7.93,11.95,19.09
2019-08-31,"MIDC Khutala, Chandrapur - MPCB",16.2,31.46,1.25,229.8,94.03,26.77,0.0,7.8,15.06,0.41,6.81,11.71,18.96
2019-09-01,"MIDC Khutala, Chandrapur - MPCB",11.4,23.31,1.45,230.55,89.33,27.76,0.0,7.88,15.0,0.41,7.66,12.05,19.28
2019-09-02,"MIDC Khutala, Chandrapur - MPCB",9.68,36.7,1.89,241.48,91.13,27.11,0.0,7.82,14.87,0.41,7.74,11.31,18.64
2019-09-03,"MIDC Khutala, Chandrapur - MPCB",17.7,38.6,1.35,240.51,94.24,26.29,0.0,7.76,15.02,0.42,7.5,11.7,18.93
2019-09-04,"MIDC Khutala, Chandrapur - MPCB",17.91,31.17,1.58,234.64,98.62,26.07,0.0,7.67,14.9,0.42,7.81,11.66,18.85
2019-09-05,"MIDC Khutala, Chandrapur - MPCB",9.76,35.46,1.51,227.53,89.69,27.81,0.0,7.66,15.03,0.42,7.09,12.01,19.12
2019-09-06,"MIDC Khutala, Chandrapur - MPCB",15.98,28.17,1.84,231.41,94.89,26.56,0.0,7.7,14.96,0.41,8.02,11.53,18.72
2019-09-07,"MIDC Khutala, Chandrapur - MPCB",11.12,38.28,1.76,228.8,93.04,26.85,0.0,7.9,15.12,0.41,7.86,11.89,19.17
2019-09-08,"MIDC Khutala, Chandrapur - MPCB",9.71,47.45,1.87,227.65,90.47,27.19,0.0,7.78,15.03,0.41,7.65,11.7,18.94
2019-09-09,"MIDC Khutala, Chandrapur - MPCB",12.7,42.55,1.29,212.57,89.83,26.12,0.0,7.71,15.02,0.41,7.39,11.8,18.98
2019-09-18,"MIDC Khutala, Chandrapur - MPCB",41.18,94.31,1.13,147.83,80.99,28.72,0.0,9.03,14.62,0.42,11.12,11.38,18.41
2019-09-19,"MIDC Khutala, Chandrapur - MPCB",13.5,20.26,0.99,111.95,86.24,27.66,0.0,8.3,14.93,0.44,7.64,11.71,19.13
2019-09-20,"MIDC Khutala, Chandrapur - MPCB",8.65,16.88,1.39,141.97,80.56,28.42,0.0,8.28,15.02,0.43,7.28,11.93,19.34
2019-09-21,"MIDC Khutala, Chandrapur - MPCB",14.07,27.4,1.09,172.57,85.02,28.29,0.0,7.96,15.06,0.43,7.55,12.11,19.36
2019-09-22,"MIDC Khutala, Chandrapur - MPCB",11.24,18.76,1.18,158.99,83.49,27.95,0.0,8.22,14.99,0.42,8.12,11.85,19.28
2019-09-23,"MIDC Khutala, Chandrapur - MPCB",21.54,31.65,0.92,132.93,87.99,28.23,0.0,7.97,14.97,0.43,8.04,11.4,18.8
2019-09-24,"MIDC Khutala, Chandrapur - MPCB",21.68,28.1,0.95,200.4,90.17,26.79,0.0,7.91,15.16,0.43,7.21,12.3,19.47
2019-09-29,"MIDC Khutala, Chandrapur - MPCB",2.85,15.33,1.69,177.4,76.39,29.18,0.0,8.04,14.97,0.3,7.29,11.4,18.84
2019-09-30,"MIDC Khutala, Chandrapur - MPCB",14.15,19.21,1.37,152.26,84.45,27.4,0.0,7.75,15.06,0.31,7.79,11.84,18.99
2019-10-01,"MIDC Khutala, Chandrapur - MPCB",22.82,28.07,1.2,158.23,85.84,27.86,0.0,7.95,15.13,0.31,7.67,11.81,19.11
2019-10-02,"MIDC Khutala, Chandrapur - MPCB",19.15,30.01,1.28,212.98,80.6,28.2,0.0,7.84,15.03,0.3,10.31,11.68,18.95
2019-10-03,"MIDC Khutala, Chandrapur - MPCB",34.69,51.25,0.76,219.12,79.63,28.58,0.0,8.0,15.01,0.31,8.23,11.59,18.97
2019-10-04,"MIDC Khutala, Chandrapur - MPCB",39.21,52.49,0.77,215.45,78.9,28.69,0.0,7.93,15.03,0.32,8.39,11.69,19.01
2019-10-05,"MIDC Khutala, Chandrapur - MPCB",55.0,83.19,0.58,138.59,77.69,28.62,0.0,7.81,14.96,0.33,7.49,11.52,18.81
2019-10-06,"MIDC Khutala, Chandrapur - MPCB",50.54,74.43,0.69,159.25,73.15,28.57,0.0,7.91,15.06,0.33,7.86,11.81,19.09
2019-10-07,"MIDC Khutala, Chandrapur - MPCB",31.61,67.81,0.71,187.05,86.26,27.22,0.0,7.81,15.14,0.32,8.36,12.07,19.23
2019-10-08,"MIDC Khutala, Chandrapur - MPCB",28.42,60.67,0.66,168.96,77.78,27.7,0.0,7.72,14.9,0.33,8.18,11.43,18.65
2019-10-09,"MIDC Khutala, Chandrapur - MPCB",39.03,74.515,8.0,63.0,83.0,26.8,7.0,7.949999999999999,15.025,0.33,9.425,11.945,19.174999999999997
2019-10-10,"MIDC Khutala, Chandrapur - MPCB",49.64,88.36,0.68,93.31,75.2,29.65,0.0,8.18,15.15,0.33,10.67,12.46,19.7
2019-10-11,"MIDC Khutala, Chandrapur - MPCB",52.33,80.63,0.73,161.81,83.29,27.4,0.0,8.31,15.14,0.33,8.62,12.23,19.39
2019-10-12,"MIDC Khutala, Chandrapur - MPCB",43.17,74.91,0.81,79.89,81.24,28.18,0.0,8.22,15.36,0.32,8.45,11.92,19.77
2019-10-13,"MIDC Khutala, Chandrapur - MPCB",36.18,70.96,0.65,109.22,79.87,27.76,0.0,6.29,15.15,0.32,8.77,21.8,24.24
2019-10-14,"MIDC Khutala, Chandrapur - MPCB",60.38,107.73,0.67,128.59,76.54,27.89,0.0,7.44,14.73,0.33,8.84,13.19,19.23
2019-10-15,"MIDC Khutala, Chandrapur - MPCB",40.57,76.73,0.79,150.22,76.18,26.92,0.0,6.83,14.78,0.34,8.78,12.6,18.89
2019-10-16,"MIDC Khutala, Chandrapur - MPCB",40.74,75.09,0.77,149.65,75.37,26.76,0.0,8.0,15.09,0.32,7.82,11.78,19.09
2019-10-17,"MIDC Khutala, Chandrapur - MPCB",51.05,85.42,0.96,147.89,80.65,26.97,0.0,8.03,15.02,0.32,7.96,11.76,19.09
2019-10-18,"MIDC Khutala, Chandrapur - MPCB",23.62,51.18,0.77,120.09,88.05,26.26,0.0,7.88,14.99,0.32,7.43,11.48,18.82
2019-10-19,"MIDC Khutala, Chandrapur - MPCB",24.31,46.05,0.65,167.24,90.19,26.04,0.0,6.81,14.41,0.32,8.06,12.93,18.65
2019-10-20,"MIDC Khutala, Chandrapur - MPCB",9.04,27.91,0.87,136.45,87.15,25.83,0.0,8.09,14.94,0.32,8.05,11.3,18.77
2019-10-21,"MIDC Khutala, Chandrapur - MPCB",15.33,27.33,0.8,142.11,89.18,26.32,0.0,8.86,16.45,0.27,11.84,23.24,29.27
2019-10-22,"MIDC Khutala, Chandrapur - MPCB",18.53,42.18,0.58,156.24,81.78,27.01,0.0,8.58,15.1,0.32,9.28,11.79,19.41
2019-10-23,"MIDC Khutala, Chandrapur - MPCB",31.41,57.86,0.74,156.59,82.06,27.32,0.0,8.26,15.04,0.33,9.14,11.49,19.02
2019-10-24,"MIDC Khutala, Chandrapur - MPCB",25.41,40.76,0.97,102.63,87.25,26.52,0.0,8.37,14.94,0.32,7.47,11.44,19.04
2019-10-25,"MIDC Khutala, Chandrapur - MPCB",23.32,44.71,0.6,118.36,90.16,25.9,0.0,8.15,14.93,0.32,8.31,11.49,18.96
2019-10-26,"MIDC Khutala, Chandrapur - MPCB",18.88,36.17,0.97,100.63,90.34,25.9,0.0,7.13,14.96,0.32,7.38,14.64,20.56
2019-10-27,"MIDC Khutala, Chandrapur - MPCB",10.78,21.7,0.86,149.69,86.0,26.0,0.0,4.42,13.72,0.31,7.58,14.45,17.11
2019-10-28,"MIDC Khutala, Chandrapur - MPCB",26.73,44.44,0.8,172.04,83.09,27.44,0.0,2.61,11.17,0.31,9.72,19.3,14.6
2019-10-29,"MIDC Khutala, Chandrapur - MPCB",32.5,55.62,0.77,192.53,84.42,27.43,0.0,3.33,12.14,0.32,9.35,29.74,22.23
2019-10-30,"MIDC Khutala, Chandrapur - MPCB",32.23,55.25,0.77,156.99,79.62,27.33,0.0,4.15,12.69,0.31,9.18,20.27,19.15
2019-10-31,"MIDC Khutala, Chandrapur - MPCB",24.32,39.71,0.85,123.96,86.26,26.86,0.0,6.37,14.71,0.32,8.69,12.71,18.36
2019-11-01,"MIDC Khutala, Chandrapur - MPCB",22.67,40.06,0.78,111.95,88.68,26.94,0.0,7.2,14.69,0.32,9.09,11.48,18.15
2019-11-02,"MIDC Khutala, Chandrapur - MPCB",44.0,65.24,0.69,155.18,82.17,27.35,0.0,7.75,14.69,0.32,9.0,11.51,18.6
2019-11-03,"MIDC Khutala, Chandrapur - MPCB",57.3,88.07,0.67,158.97,79.16,27.05,0.0,7.05,14.65,0.35,10.16,12.08,18.65
2019-11-04,"MIDC Khutala, Chandrapur - MPCB",67.61,112.65,0.51,178.24,77.92,27.23,0.0,6.33,14.54,0.36,9.4,12.51,18.14
2019-11-05,"MIDC Khutala, Chandrapur - MPCB",71.62,114.01,0.55,158.26,81.66,27.3,0.0,6.2,14.74,0.34,9.12,15.67,20.13
2019-11-06,"MIDC Khutala, Chandrapur - MPCB",55.41,101.25,0.5,147.7,75.25,27.17,0.0,6.14,14.37,0.34,10.35,14.13,19.01
2019-11-07,"MIDC Khutala, Chandrapur - MPCB",47.51,81.31,0.68,118.8,80.08,26.97,0.0,6.41,14.74,0.33,8.96,11.95,18.04
2019-11-08,"MIDC Khutala, Chandrapur - MPCB",70.31,115.06,0.59,127.23,81.06,26.42,0.0,6.82,14.71,0.34,10.8,12.01,18.4
2019-11-09,"MIDC Khutala, Chandrapur - MPCB",71.71,118.14,0.61,160.44,74.31,25.88,0.0,6.24,14.7,0.34,8.71,14.84,19.24
2019-11-10,"MIDC Khutala, Chandrapur - MPCB",57.01,103.22,0.52,181.93,75.9,25.2,0.0,7.34,14.87,0.35,9.77,12.34,18.9
2019-11-11,"MIDC Khutala, Chandrapur - MPCB",57.42,113.21,0.59,163.21,78.17,25.6,0.0,6.75,14.92,0.35,9.84,11.97,18.53
2019-11-12,"MIDC Khutala, Chandrapur - MPCB",50.58,101.64,0.67,105.28,69.91,25.36,0.0,6.82,14.63,0.34,11.75,12.28,18.69
2019-11-13,"MIDC Khutala, Chandrapur - MPCB",53.77,94.87,0.84,172.34,76.04,23.49,0.0,7.12,14.8,0.35,10.91,11.84,18.37
2019-11-14,"MIDC Khutala, Chandrapur - MPCB",50.29,99.62,0.49,184.54,68.58,24.77,0.0,6.85,14.77,0.33,10.94,12.33,18.9
2019-11-15,"MIDC Khutala, Chandrapur - MPCB",47.94,100.87,0.58,160.83,77.97,24.24,0.0,7.34,14.71,0.34,9.96,11.97,18.59
2019-11-16,"MIDC Khutala, Chandrapur - MPCB",58.87,116.15,0.47,171.52,70.76,25.01,0.0,7.16,14.43,0.34,10.83,12.13,18.08
2019-11-17,"MIDC Khutala, Chandrapur - MPCB",65.36,115.06,0.51,177.89,68.01,24.6,0.0,6.67,14.57,0.35,10.26,11.97,17.86
2019-11-18,"MIDC Khutala, Chandrapur - MPCB",67.49,150.76,0.71,187.28,74.8,23.84,0.0,7.35,14.67,0.36,10.93,11.91,18.64
2019-11-19,"MIDC Khutala, Chandrapur - MPCB",52.25,120.4,0.53,175.78,68.62,24.09,0.0,7.29,14.94,0.36,12.67,11.82,18.57
2019-11-20,"MIDC Khutala, Chandrapur - MPCB",48.62,107.74,0.53,161.65,70.77,24.09,0.0,7.12,14.8,0.35,10.89,11.74,18.41
2019-11-21,"MIDC Khutala, Chandrapur - MPCB",51.93,105.02,0.64,145.27,75.2,24.3,0.0,6.97,14.63,0.34,10.84,12.44,18.5
2019-11-22,"MIDC Khutala, Chandrapur - MPCB",58.31,110.53,0.58,160.92,74.78,24.02,0.0,7.1,14.58,0.35,9.82,11.81,18.4
2019-11-23,"MIDC Khutala, Chandrapur - MPCB",78.8,125.24,0.57,163.89,72.71,23.56,0.0,7.29,14.96,0.36,10.75,11.76,18.73
2019-11-24,"MIDC Khutala, Chandrapur - MPCB",103.66,126.43,0.52,163.77,70.14,23.51,0.0,7.66,14.84,0.36,13.85,11.31,18.51
2019-11-25,"MIDC Khutala, Chandrapur - MPCB",87.98,140.67,0.64,140.18,71.97,23.68,0.0,7.35,14.93,0.37,10.94,11.76,18.75
2019-11-26,"MIDC Khutala, Chandrapur - MPCB",64.89,114.57,0.7,158.17,73.5,23.98,0.0,6.33,14.71,0.36,10.37,14.36,19.23
2019-11-27,"MIDC Khutala, Chandrapur - MPCB",54.5,98.31,0.6,166.57,73.81,23.83,0.0,6.5,14.65,0.35,11.5,13.76,18.34
2019-11-28,"MIDC Khutala, Chandrapur - MPCB",42.94,75.74,0.62,152.99,72.02,24.25,0.0,6.34,14.81,0.35,9.74,12.52,18.53
2019-11-29,"MIDC Khutala, Chandrapur - MPCB",46.69,80.92,0.56,155.27,81.53,24.59,0.0,8.01,14.9,0.35,9.02,13.13,19.43
2019-11-30,"MIDC Khutala, Chandrapur - MPCB",58.95,109.92,0.55,137.67,74.71,24.5,0.0,7.53,14.76,0.38,10.38,11.94,18.96
2019-12-01,"MIDC Khutala, Chandrapur - MPCB",53.66,96.05,0.53,139.0,78.17,24.4,0.0,7.36,14.9,0.37,10.19,11.82,18.75
2019-12-02,"MIDC Khutala, Chandrapur - MPCB",38.78,97.63,0.75,151.59,82.07,24.75,0.0,7.35,14.79,0.35,7.82,11.34,18.42
2019-12-03,"MIDC Khutala, Chandrapur - MPCB",42.99,80.35,0.71,145.98,75.98,24.19,0.0,6.99,14.75,0.36,8.32,12.35,18.74
2019-12-04,"MIDC Khutala, Chandrapur - MPCB",48.7,94.89,0.86,121.99,71.55,23.96,0.0,7.42,14.61,0.35,10.84,13.52,18.81
2019-12-05,"MIDC Khutala, Chandrapur - MPCB",40.36,74.21,0.72,108.05,65.1,23.23,0.0,7.34,14.77,0.32,8.55,12.79,19.3
2019-12-06,"MIDC Khutala, Chandrapur - MPCB",44.47,87.04,0.79,149.7,70.33,21.63,0.0,7.82,15.08,0.33,9.19,14.49,20.67
2019-12-07,"MIDC Khutala, Chandrapur - MPCB",43.27,94.81,0.6,158.84,75.53,21.47,0.0,7.53,14.88,0.34,10.48,12.07,18.9
2019-12-08,"MIDC Khutala, Chandrapur - MPCB",37.4,88.39,0.55,145.93,74.69,22.28,0.0,6.68,14.49,0.33,10.65,11.41,17.82
2019-12-09,"MIDC Khutala, Chandrapur - MPCB",46.34,101.54,0.53,174.94,73.04,22.55,0.0,7.28,14.76,0.35,10.96,12.54,18.99
2019-12-10,"MIDC Khutala, Chandrapur - MPCB",50.09,107.76,0.6,150.63,72.33,22.32,0.0,7.56,14.99,0.36,11.01,11.67,18.79
2019-12-11,"MIDC Khutala, Chandrapur - MPCB",47.66,87.46,0.66,132.82,72.74,22.73,0.0,7.48,14.92,0.35,9.68,11.64,18.75
2019-12-12,"MIDC Khutala, Chandrapur - MPCB",38.79,60.51,1.3,124.87,78.48,23.38,0.0,7.61,14.87,0.32,7.53,12.05,19.12
2019-12-13,"MIDC Khutala, Chandrapur - MPCB",22.33,45.7,1.26,131.94,78.68,24.05,0.0,7.47,14.87,0.31,8.17,12.24,19.01
2019-12-14,"MIDC Khutala, Chandrapur - MPCB",23.22,61.37,0.79,114.72,81.22,24.76,0.0,7.26,14.96,0.32,8.84,12.12,18.93
2019-12-15,"MIDC Khutala, Chandrapur - MPCB",30.57,69.08,0.89,117.5,79.57,25.05,0.0,6.53,14.83,0.33,8.37,12.59,18.67
2019-12-16,"MIDC Khutala, Chandrapur - MPCB",30.71,69.02,0.71,158.58,83.55,23.28,0.0,6.33,15.79,0.32,8.46,14.37,19.69
2019-12-17,"MIDC Khutala, Chandrapur - MPCB",36.11,79.74,0.67,158.11,80.98,23.38,0.0,6.25,14.42,0.32,9.5,12.89,18.46
2019-12-18,"MIDC Khutala, Chandrapur - MPCB",40.03,114.93,0.71,161.17,78.71,22.65,0.0,6.17,14.59,0.33,9.85,12.54,18.47
2019-12-19,"MIDC Khutala, Chandrapur - MPCB",43.24,114.17,0.55,175.23,74.83,23.03,0.0,7.34,14.89,0.35,8.62,11.81,18.76
2019-12-20,"MIDC Khutala, Chandrapur - MPCB",52.8,121.25,0.59,169.31,78.78,22.87,0.0,6.11,14.54,0.35,10.64,12.35,18.2
2019-12-21,"MIDC Khutala, Chandrapur - MPCB",49.11,118.58,0.64,142.28,74.52,22.95,0.0,6.94,14.87,0.37,10.2,11.78,18.51
2019-12-22,"MIDC Khutala, Chandrapur - MPCB",39.81,81.85,0.63,148.32,76.93,23.61,0.0,7.42,14.9,0.35,8.51,11.85,18.83
2019-12-23,"MIDC Khutala, Chandrapur - MPCB",38.43,52.51,0.74,112.61,79.34,23.58,0.0,7.63,14.93,0.35,8.46,11.55,18.78
2019-12-24,"MIDC Khutala, Chandrapur - MPCB",43.65,67.03,0.91,116.53,73.96,23.7,0.0,7.63,14.79,0.35,8.64,11.81,18.97
2019-12-25,"MIDC Khutala, Chandrapur - MPCB",37.24,64.8,1.05,128.3,79.38,24.35,0.0,8.13,14.68,0.33,8.51,12.27,19.37
2019-12-26,"MIDC Khutala, Chandrapur - MPCB",42.26,67.38,0.74,130.45,89.99,23.87,0.0,6.98,14.67,0.34,9.04,11.76,18.31
2019-12-27,"MIDC Khutala, Chandrapur - MPCB",29.96,101.15,0.94,124.6,59.72,21.47,0.0,6.73,14.65,0.32,9.36,12.69,18.92
2019-12-28,"MIDC Khutala, Chandrapur - MPCB",26.29,82.76,0.82,114.81,47.85,19.06,0.0,7.4,14.78,0.31,11.62,11.75,18.73
2019-12-29,"MIDC Khutala, Chandrapur - MPCB",36.04,98.22,0.7,128.46,58.15,18.49,0.0,7.55,14.85,0.33,14.3,11.79,18.87
2019-12-30,"MIDC Khutala, Chandrapur - MPCB",32.3,95.63,0.74,123.15,60.26,20.64,0.0,7.0,15.07,0.34,10.72,11.95,18.71
2019-12-31,"MIDC Khutala, Chandrapur - MPCB",24.86,100.17,0.94,64.02,68.25,20.65,0.0,7.52,14.64,0.33,7.83,12.03,19.05
