date,station,PM2.5,PM10,wind_speed,wind_dir,humidity,temperature,rainfall,NO2,NH3,CO,SO2,NO,NOx,Ozone
2019-01-01,"Talcher Coalfields,Talcher - OSPCB",111.9,311.85,2.45,139.73,68.16,16.4,0.0,6.47,5.96,3.76,25.3,9.24,13.03,9.51
2019-01-02,"Talcher Coalfields,Talcher - OSPCB",163.99,384.29,2.62,152.56,72.76,16.9,0.0,6.14,6.0,4.74,36.28,8.12,13.39,10.82
2019-01-03,"Talcher Coalfields,Talcher - OSPCB",143.92,398.22,2.59,146.53,72.19,17.7,0.0,5.87,6.04,4.21,33.16,9.08,13.81,10.51
2019-01-04,"Talcher Coalfields,Talcher - OSPCB",148.77,380.14,3.04,149.12,77.92,17.9,0.0,5.05,6.15,4.06,31.74,9.85,14.87,8.37
2019-01-05,"Talcher Coalfields,Talcher - OSPCB",142.63,369.01,3.19,151.4,71.48,18.5,0.0,5.13,6.22,4.1,32.6,10.76,15.38,7.87
2019-01-06,"Talcher Coalfields,Talcher - OSPCB",149.79,383.87,2.89,146.23,73.17,18.6,0.0,5.43,6.26,4.15,33.72,11.54,15.8,6.71
2019-01-07,"Talcher Coalfields,Talcher - OSPCB",137.49,408.18,2.73,128.8,72.0,18.6,0.0,5.97,6.36,4.26,34.65,13.41,16.83,6.63
2019-01-08,"Talcher Coalfields,Talcher - OSPCB",94.79,241.49,2.72,135.36,70.99,18.7,0.0,6.2,6.42,3.31,22.19,14.5,17.43,7.06
2019-01-09,"Talcher Coalfields,Talcher - OSPCB",106.38,278.1,2.46,156.0,70.51,18.2,0.0,5.81,6.4,3.56,22.38,14.27,17.31,6.15
2019-01-10,"Talcher Coalfields,Talcher - OSPCB",118.39,357.89,2.79,159.52,69.86,18.1,0.0,5.74,6.22,3.43,28.38,12.4,15.5,5.95
2019-01-11,"Talcher Coalfields,Talcher - OSPCB",118.33,280.4,2.86,142.98,72.37,18.9,0.0,5.76,6.06,2.68,27.052,8.87,13.95,6.12
2019-01-12,"Talcher Coalfields,Talcher - OSPCB",124.71,305.1,2.8,156.11,72.48,19.3,0.0,5.37,6.1,2.91,25.724,9.06,14.43,6.74
2019-01-13,"Talcher Coalfields,Talcher - OSPCB",149.49,337.25,2.76,134.04,73.79,20.1,0.0,5.07,6.14,3.44,24.396,9.69,14.75,8.78
2019-01-14,"Talcher Coalfields,Talcher - OSPCB",128.92,400.76,2.7,136.26,74.7,21.1,0.0,5.07,6.13,3.34,23.067999999999998,10.14,14.76,8.78
2019-01-15,"Talcher Coalfields,Talcher - OSPCB",102.6,382.47,2.51,143.86,70.41,20.3,0.0,5.06,6.18,2.24,21.74,10.63,15.27,6.0
2019-01-16,"Talcher Coalfields,Talcher - OSPCB",115.26,388.17,2.99,144.21,69.09,19.7,0.0,5.74,5.92,1.78,30.87,10.84,9.27,16.29
2019-01-17,"Talcher Coalfields,Talcher - OSPCB",133.82,333.44,2.52,128.28,70.79,19.6,0.0,6.41,6.68,1.74,39.74,25.65,21.05,38.05
2019-01-18,"Talcher Coalfields,Talcher - OSPCB",100.62,469.63,2.77,140.48,58.42,19.3,0.0,1.14,6.78,2.08,27.73,19.96,20.55,10.79
2019-01-19,"Talcher Coalfields,Talcher - OSPCB",105.21,375.17,2.61,135.71,64.77,19.3,0.0,0.49,6.81,2.26,30.24,20.33,20.76,12.51
2019-01-20,"Talcher Coalfields,Talcher - OSPCB",113.02,452.54,2.87,138.22,65.97,19.6,0.0,0.12,6.92,2.43,30.45,22.32,21.84,12.75
2019-01-21,"Talcher Coalfields,Talcher - OSPCB",98.01,409.37,2.72,149.86,61.83,20.4,0.0,0.03,6.99,2.31,30.91,23.66,22.61,10.39
2019-01-22,"Talcher Coalfields,Talcher - OSPCB",80.06,284.57,2.58,200.5,72.03,21.9,0.0,0.08,7.03,1.79,28.66,24.11,22.81,6.38
2019-01-23,"Talcher Coalfields,Talcher - OSPCB",66.08,240.86,2.63,196.91,63.31,21.4,0.0,0.25,7.08,1.7,21.68,25.31,23.52,5.73
2019-01-24,"Talcher Coalfields,Talcher - OSPCB",67.98,201.39,2.59,191.49,73.84,21.3,0.0,0.14,7.59,1.57,20.37,29.6,29.16,3.56
2019-01-25,"Talcher Coalfields,Talcher - OSPCB",47.54,186.51,2.62,200.97,67.49,21.3,0.0,0.4853846153846154,7.07,1.25,15.97,25.02,23.33,3.09
2019-01-26,"Talcher Coalfields,Talcher - OSPCB",59.0,218.94,2.61,175.09,72.62,21.3,0.1,0.8307692307692308,7.08,1.61,13.9,25.15,23.4,5.67
2019-01-27,"Talcher Coalfields,Talcher - OSPCB",56.16,209.97,2.63,120.95,79.78,19.0,4.9,1.1761538461538463,7.09,2.03,16.53,25.65,23.69,2.75
2019-01-28,"Talcher Coalfields,Talcher - OSPCB",56.1,240.19,2.54,137.92,77.89,18.8,0.1,1.5215384615384617,7.11,1.94,16.28,25.7,23.66,2.8
2019-01-29,"Talcher Coalfields,Talcher - OSPCB",54.17,239.93,2.42,141.38,68.1,19.3,0.0,1.8669230769230771,7.22,1.97,15.48,27.79,24.83,5.34
2019-01-30,"Talcher Coalfields,Talcher - OSPCB",76.8,326.57,2.86,149.55,54.34,17.3,0.0,2.2123076923076925,7.14,2.56,23.79,26.37,24.08,9.51
2019-01-31,"Talcher Coalfields,Talcher - OSPCB",92.44,348.42,2.91,149.82,58.74,18.4,0.0,2.557692307692308,7.27,3.01,27.73,28.57,25.29,10.37
2019-02-01,"Talcher Coalfields,Talcher - OSPCB",106.29,384.9,2.79,130.47,62.95,19.2,0.0,8.2,8.19,3.06,27.47,34.33,24.84,9.13
2019-02-02,"Talcher Coalfields,Talcher - OSPCB",98.5,420.71,2.61,138.48,59.63,19.7,0.0,8.2,7.24,3.21,28.62,27.97,24.94,10.47
2019-02-03,"Talcher Coalfields,Talcher - OSPCB",100.19,426.49,2.73,133.34,59.29,20.5,0.0,8.2,7.36,3.19,30.34,30.16,26.14,9.23
2019-02-04,"Talcher Coalfields,Talcher - OSPCB",84.45,398.42,2.78,130.61,55.12,21.3,0.0,8.2,7.42,2.93,24.33,31.41,26.83,10.15
2019-02-05,"Talcher Coalfields,Talcher - OSPCB",94.64,475.0,3.13,122.36,58.49,21.7,0.0,8.2,7.48,3.32,27.93,32.33,27.36,9.66
2019-02-06,"Talcher Coalfields,Talcher - OSPCB",88.83,434.87,2.99,137.09,55.99,22.9,0.0,4.63,7.43,2.79,19.43,31.85,27.07,8.91
2019-02-07,"Talcher Coalfields,Talcher - OSPCB",81.43,357.73,2.94,191.22,56.15,24.4,0.0,4.806,7.37,2.54,17.06,30.21,26.19,6.41
2019-02-08,"Talcher Coalfields,Talcher - OSPCB",60.01,295.85,2.64,196.0,51.12,25.0,0.2,4.982,7.32,1.87,10.28,29.23,25.68,4.53
2019-02-09,"Talcher Coalfields,Talcher - OSPCB",50.79,253.37,2.57,171.9,61.14,24.2,0.0,5.1579999999999995,7.52,1.98,10.09,33.06,27.77,5.04
2019-02-10,"Talcher Coalfields,Talcher - OSPCB",61.2,319.25,2.61,168.57,56.22,21.4,0.0,5.334,7.56,2.39,14.19,33.71,28.12,8.17
2019-02-11,"Talcher Coalfields,Talcher - OSPCB",68.81,346.05,2.61,182.43,58.13,21.2,0.0,5.51,7.62,2.27,11.37,34.75,28.71,9.63
2019-02-12,"Talcher Coalfields,Talcher - OSPCB",82.95,398.27,2.8,170.42,60.22,22.1,0.0,5.686,7.67,2.82,15.58,35.68,29.18,8.57
2019-02-13,"Talcher Coalfields,Talcher - OSPCB",109.59,516.47,2.7,154.32,62.18,22.8,0.0,5.862,7.32,3.37,30.59,29.19,25.66,10.24
2019-02-14,"Talcher Coalfields,Talcher - OSPCB",119.19,530.7,2.81,163.49,60.78,24.3,0.0,8.2,7.48,3.64,25.19,32.08,27.2,14.12
2019-02-15,"Talcher Coalfields,Talcher - OSPCB",68.33,338.07,2.83,196.35,57.47,24.9,0.0,8.2,7.66,2.49,16.04,35.58,29.16,7.49
2019-02-16,"Talcher Coalfields,Talcher - OSPCB",77.75,308.11,2.53,173.2,74.9,23.0,2.4,8.2,10.38,2.95,15.29,51.83,40.81,6.27
2019-02-17,"Talcher Coalfields,Talcher - OSPCB",59.61,233.69,2.61,135.72,75.96,24.3,0.0,8.2,21.69,3.29,13.13,48.74,44.87,5.19
2019-02-18,"Talcher Coalfields,Talcher - OSPCB",73.83,327.74,2.87,141.4,62.63,23.4,0.0,8.2,7.71,3.02,10.0,36.85,29.81,8.55
2019-02-19,"Talcher Coalfields,Talcher - OSPCB",88.17,425.68,2.95,151.46,61.4,24.3,0.0,8.2,7.75,3.35,12.97,37.37,30.12,8.53
2019-02-20,"Talcher Coalfields,Talcher - OSPCB",94.74,426.07,3.02,140.23,60.72,26.3,0.0,8.2,7.78,3.8,15.43,37.77,30.35,12.43
2019-02-21,"Talcher Coalfields,Talcher - OSPCB",82.92,418.76,3.04,169.1,65.79,26.9,0.0,8.2,7.27,3.24,13.23,28.42,25.22,7.01
2019-02-22,"Talcher Coalfields,Talcher - OSPCB",80.97,418.76,13.6,313.0,53.0,28.1,0.0,8.2,7.475,3.37,9.075,32.055,27.229999999999997,5.93
2019-02-23,"Talcher Coalfields,Talcher - OSPCB",79.02,652.06,2.87,146.02,59.91,28.4,0.0,8.2,7.68,3.5,4.92,35.69,29.24,4.85
2019-02-24,"Talcher Coalfields,Talcher - OSPCB",68.91,352.02,2.72,205.24,59.05,28.4,0.2,8.2,7.52,2.89,6.63,32.76,27.61,8.2
2019-02-25,"Talcher Coalfields,Talcher - OSPCB",38.78,183.43,2.55,216.35,72.55,25.8,0.9,8.2,8.76,2.38,3.01,40.95,32.76,5.43
2019-02-26,"Talcher Coalfields,Talcher - OSPCB",26.68,106.58,3.24,230.65,73.52,24.9,4.9,8.2,7.47,2.17,1.05,31.75,27.06,2.48
2019-02-27,"Talcher Coalfields,Talcher - OSPCB",23.51,124.91,2.96,221.93,73.38,25.6,2.6,8.2,7.55,2.11,0.69,33.23,27.87,2.21
2019-02-28,"Talcher Coalfields,Talcher - OSPCB",30.23,171.31,2.64,189.34,65.65,23.9,3.6,8.2,7.74,2.43,0.78,36.78,29.81,5.63
2019-03-01,"Talcher Coalfields,Talcher - OSPCB",29.21,157.22,2.33,238.41,62.17,23.2,0.2,8.2,7.64,2.27,28.23,35.1,28.88,4.02
2019-03-02,"Talcher Coalfields,Talcher - OSPCB",37.76,202.57,2.6,215.51,65.26,23.4,0.0,8.2,7.49,2.35,29.89,32.54,27.5,3.59
2019-03-03,"Talcher Coalfields,Talcher - OSPCB",59.7,287.22,2.73,193.32,63.99,25.2,0.1,8.2,7.57,2.89,30.65,33.94,28.27,7.19
2019-03-04,"Talcher Coalfields,Talcher - OSPCB",31.01,176.49,2.42,205.76,71.22,26.9,0.1,8.2,7.49,2.75,29.01,32.23,27.3,5.95
2019-03-05,"Talcher Coalfields,Talcher - OSPCB",28.14,138.82,2.69,210.43,74.36,26.2,3.5,8.2,8.45,2.43,27.35,40.17,32.21,4.27
2019-03-06,"Talcher Coalfields,Talcher - OSPCB",45.91,240.51,2.43,230.48,64.0,26.2,0.7,8.2,7.7,2.68,27.06,36.07,29.42,7.15
2019-03-07,"Talcher Coalfields,Talcher - OSPCB",69.12,391.98,2.57,179.32,59.86,26.1,0.2,8.2,9.4,3.17,29.61,43.12,35.54,6.91
2019-03-08,"Talcher Coalfields,Talcher - OSPCB",63.46,375.27,2.89,161.0,59.06,25.7,0.0,8.2,7.93,3.38,30.29,40.22,31.7,9.06
2019-03-09,"Talcher Coalfields,Talcher - OSPCB",60.65,320.68,2.43,211.27,64.41,26.3,0.0,8.2,7.5,2.99,30.08,32.7,27.58,6.17
2019-03-10,"Talcher Coalfields,Talcher - OSPCB",46.45333333333333,320.68,2.7,210.73,67.35,28.1,0.0,8.2,7.45,2.6,27.19,31.54,26.92,7.79
2019-03-11,"Talcher Coalfields,Talcher - OSPCB",32.25666666666666,320.68,2.54,199.94,66.91,28.5,0.0,8.2,7.32,3.2,29.23,29.16,25.64,11.96
2019-03-12,"Talcher Coalfields,Talcher - OSPCB",18.06,320.68,2.47,207.16,67.53,29.4,0.0,8.2,7.4,2.68,28.75,30.79,26.54,4.28
2019-03-13,"Talcher Coalfields,Talcher - OSPCB",66.39,410.13,2.48,165.89,66.72,30.2,0.0,10.79,7.27,3.09,28.43,27.59,25.57,12.54
2019-03-14,"Talcher Coalfields,Talcher - OSPCB",64.76,410.13,18.6,39.0,62.0,29.6,2.1,9.406666666666666,7.433333333333333,3.0766666666666667,28.24,27.523333333333333,28.39,11.256666666666666
2019-03-15,"Talcher Coalfields,Talcher - OSPCB",63.13,410.13,16.6,131.0,73.0,27.5,8.8,8.023333333333333,7.596666666666667,3.063333333333333,28.05,27.456666666666667,31.21,9.973333333333333
2019-03-16,"Talcher Coalfields,Talcher - OSPCB",61.5,155.29,2.74,209.82,62.22,26.9,0.1,6.64,7.76,3.05,27.86,27.39,34.03,8.69
2019-03-17,"Talcher Coalfields,Talcher - OSPCB",46.36,155.29,2.54,193.78,65.46,26.4,1.2,5.97,8.75,3.12,29.48,34.45,43.85,7.77
2019-03-18,"Talcher Coalfields,Talcher - OSPCB",31.22,155.29,2.64,183.21,70.28,24.6,0.0,5.75,7.86,3.2,29.43,29.35,35.1,5.01
2019-03-19,"Talcher Coalfields,Talcher - OSPCB",76.24,120.78,2.49,163.61,69.0,26.0,0.3,6.43,8.16,4.11,32.34,30.0,38.82,8.4
2019-03-20,"Talcher Coalfields,Talcher - OSPCB",40.04,170.46,2.78,196.18,68.52,27.2,0.0,8.01,7.52,1.98,33.61,24.07,32.09,16.1
2019-03-21,"Talcher Coalfields,Talcher - OSPCB",34.0,146.94,2.61,155.56,62.51,28.3,0.0,8.02,7.53,1.02,30.19,24.02,32.04,5.7
2019-03-22,"Talcher Coalfields,Talcher - OSPCB",42.52,179.97,2.78,170.97,65.82,28.0,0.4,6.93,7.66,0.94,28.83,26.43,33.36,7.87
2019-03-23,"Talcher Coalfields,Talcher - OSPCB",46.67,215.72,2.71,158.97,54.57,28.6,0.0,8.16,7.51,1.22,29.24,23.65,31.81,8.75
2019-03-24,"Talcher Coalfields,Talcher - OSPCB",59.3,315.68,2.63,140.37,47.25,27.2,0.0,8.07,7.51,1.29,30.6,23.89,31.96,7.11
2019-03-25,"Talcher Coalfields,Talcher - OSPCB",85.55,395.1,2.59,140.17,48.58,27.4,0.0,7.33,7.6,1.87,32.62,25.55,32.88,11.69
2019-03-26,"Talcher Coalfields,Talcher - OSPCB",51.86,237.66,2.74,198.1,51.22,29.1,0.0,7.34,7.6,0.92,30.05,25.52,32.86,8.42
2019-03-27,"Talcher Coalfields,Talcher - OSPCB",27.07,144.38,2.57,221.16,57.86,29.0,0.0,7.68,7.57,0.62,26.98,24.78,32.46,6.92
2019-03-28,"Talcher Coalfields,Talcher - OSPCB",34.72,170.46,3.05,205.37,64.13,29.1,0.0,7.44,7.58,0.72,27.76,25.33,32.77,7.89
2019-03-29,"Talcher Coalfields,Talcher - OSPCB",45.67,218.36,3.29,194.08,62.47,29.5,0.0,7.1,7.61,0.96,27.3,26.05,33.15,10.02
2019-03-30,"Talcher Coalfields,Talcher - OSPCB",96.22,276.48,3.33,178.04,53.78,29.8,0.0,6.56,7.69,1.38,28.82,27.24,33.8,11.96
2019-03-31,"Talcher Coalfields,Talcher - OSPCB",57.04,224.8,3.28,217.98,58.7,30.5,0.2,6.65,7.69,0.96,28.1,27.1,33.75,16.01
2019-04-01,"Talcher Coalfields,Talcher - OSPCB",46.69,178.47,2.79,208.27,55.99,30.8,0.1,6.4,7.71,0.99,27.45,27.67,34.07,7.14
2019-04-02,"Talcher Coalfields,Talcher - OSPCB",50.6,198.95,2.74,187.13,60.35,29.9,0.0,12.11,6.91,1.27,27.52,20.56,26.41,9.06
2019-04-03,"Talcher Coalfields,Talcher - OSPCB",43.35,173.71,3.32,199.72,61.79,29.7,0.0,16.38,6.36,1.19,27.31,13.28,20.91,6.37
2019-04-04,"Talcher Coalfields,Talcher - OSPCB",28.5,131.83,2.69,226.95,68.45,29.9,0.0,16.09,6.38,0.95,26.17,15.12,21.28,3.72
2019-04-05,"Talcher Coalfields,Talcher - OSPCB",58.5,242.52,2.99,188.67,55.9,30.5,0.0,15.99,6.4,1.24,25.91,13.06,21.39,6.42
2019-04-06,"Talcher Coalfields,Talcher - OSPCB",28.16,134.51,2.85,213.31,61.57,29.8,0.1,15.12,6.5,0.9,24.87,17.13,22.43,5.48
2019-04-07,"Talcher Coalfields,Talcher - OSPCB",20.66,97.44,2.79,207.07,59.89,28.9,0.3,15.01,6.53,0.74,23.92,15.52,22.65,5.55
2019-04-08,"Talcher Coalfields,Talcher - OSPCB",18.6,92.63,2.96,214.17,68.66,28.7,0.8,15.83,6.42,0.83,23.36,15.86,21.58,4.64
2019-04-09,"Talcher Coalfields,Talcher - OSPCB",49.84,209.92,2.8,185.17,57.51,29.1,1.8,16.09,6.94,1.44,26.12,28.14,22.42,6.16
2019-04-10,"Talcher Coalfields,Talcher - OSPCB",57.33,121.34,2.64,204.22,58.07,29.9,0.0,15.94,6.4,1.54,27.47,15.47,21.37,4.41
2019-04-11,"Talcher Coalfields,Talcher - OSPCB",46.62,161.83,2.77,192.03,58.1,30.2,0.0,15.68,6.42,1.39,25.07,14.53,21.69,8.7
2019-04-12,"Talcher Coalfields,Talcher - OSPCB",53.25,223.94,2.88,179.49,48.32,30.5,0.0,15.26,6.47,1.7,25.18,14.62,22.2,9.88
2019-04-13,"Talcher Coalfields,Talcher - OSPCB",35.04,142.59,3.39,190.06,54.04,31.3,0.1,14.97,10.88,1.27,25.06,46.33,41.95,10.48
2019-04-14,"Talcher Coalfields,Talcher - OSPCB",30.56,112.23,2.75,204.74,67.49,31.5,0.0,15.36,12.1,1.36,24.33,48.03,27.47,4.19
2019-04-15,"Talcher Coalfields,Talcher - OSPCB",52.59,222.52,2.95,176.09,51.71,32.0,0.0,15.3,6.45,1.58,24.13,13.83,22.13,11.14
2019-04-16,"Talcher Coalfields,Talcher - OSPCB",63.17,249.95,2.93,160.53,42.62,31.8,0.0,16.6,6.86,1.73,25.04,18.01,26.03,14.79
2019-04-17,"Talcher Coalfields,Talcher - OSPCB",56.68,266.16,2.92,206.16,48.02,31.6,0.0,15.55,6.43,1.54,25.59,12.16,21.82,10.9
2019-04-18,"Talcher Coalfields,Talcher - OSPCB",35.69,143.53,2.91,200.95,60.62,29.8,0.0,9.48,7.35,1.25,36.04,23.17,30.43,8.89
2019-04-19,"Talcher Coalfields,Talcher - OSPCB",45.93,146.32,3.15,187.81,68.62,29.2,1.4,17.59,7.21,1.66,38.65,29.25,29.81,3.36
2019-04-20,"Talcher Coalfields,Talcher - OSPCB",44.11,134.83,2.97,185.87,60.42,29.0,0.1,18.53,6.05,1.64,26.9,3.9,18.09,6.7
2019-04-21,"Talcher Coalfields,Talcher - OSPCB",27.25,112.71,3.25,217.86,72.4,28.2,0.4,18.11,9.05,1.27,27.0,31.72,31.55,4.71
2019-04-22,"Talcher Coalfields,Talcher - OSPCB",46.47,137.72,2.65,185.23,64.37,28.6,0.0,18.2,6.1,1.72,25.41,4.27,18.53,9.46
2019-04-23,"Talcher Coalfields,Talcher - OSPCB",45.15,134.22,3.15,178.6,57.96,29.3,0.0,18.25,6.09,1.38,24.36,4.3,18.53,13.91
2019-04-24,"Talcher Coalfields,Talcher - OSPCB",20.85,87.41,3.01,207.82,60.19,30.5,0.0,18.26,6.08,1.15,23.56,4.6,18.51,5.97
2019-04-25,"Talcher Coalfields,Talcher - OSPCB",28.54,105.94,2.23,208.88,63.21,30.9,0.0,17.7,6.15,1.2,22.86,4.91,19.09,11.64
2019-04-26,"Talcher Coalfields,Talcher - OSPCB",31.615,105.94,18.9,123.0,68.0,31.5,0.0,17.836666666666666,13.330000000000002,1.58,26.21,139.14999999999998,96.27,11.64
2019-04-27,"Talcher Coalfields,Talcher - OSPCB",34.69,161.68,2.45,269.69,20.7,32.3,0.0,17.973333333333333,20.51,1.96,29.56,273.39,173.45,11.64
2019-04-28,"Talcher Coalfields,Talcher - OSPCB",48.9,284.48,2.01,208.8,68.16,32.3,0.0,18.11,6.19,1.7,22.68,19.6,21.67,3.33
2019-04-29,"Talcher Coalfields,Talcher - OSPCB",16.01,152.36,2.16,212.8,59.16,31.9,0.0,15.79,6.43,1.38,21.76,8.84,21.66,9.12
2019-04-30,"Talcher Coalfields,Talcher - OSPCB",13.36,90.98,2.37,211.72,56.75,30.9,0.0,16.24,6.37,1.21,21.31,6.45,21.1,5.28
2019-05-01,"Talcher Coalfields,Talcher - OSPCB",19.29,70.96,2.26,192.04,67.87,30.7,0.0,16.19,10.75,1.24,22.19,21.68,38.89,3.2
2019-05-02,"Talcher Coalfields,Talcher - OSPCB",15.23,68.17,2.06,222.49,75.74,29.2,13.4,13.14,6.82,1.21,21.31,13.72,25.19,2.1
2019-05-03,"Talcher Coalfields,Talcher - OSPCB",27.75,96.17,2.01,157.29,87.67,25.7,98.3,12.52,13.74,1.97,26.95,40.26,55.86,4.43
2019-05-04,"Talcher Coalfields,Talcher - OSPCB",35.82,100.74,2.2,183.04,65.24,29.2,0.0,13.39,6.76,1.81,24.93,14.33,24.86,3.21
2019-05-05,"Talcher Coalfields,Talcher - OSPCB",36.89,165.19,2.17,212.54,74.17,30.0,0.0,14.85,6.57,1.58,23.51,8.17,22.97,4.95
2019-05-06,"Talcher Coalfields,Talcher - OSPCB",39.04,174.73,2.37,179.24,65.52,30.2,0.0,14.34,7.55,1.72,24.18,21.36,28.76,4.75
2019-05-07,"Talcher Coalfields,Talcher - OSPCB",54.91,216.72,2.28,191.71,61.26,30.6,0.0,13.6,6.71,2.06,25.55,11.37,24.46,10.37
2019-05-08,"Talcher Coalfields,Talcher - OSPCB",53.61,225.62,2.31,188.91,65.64,30.8,0.0,13.54,6.72,2.09,26.15,11.5,24.5,9.54
2019-05-09,"Talcher Coalfields,Talcher - OSPCB",42.82,203.25,2.25,214.38,63.27,31.3,0.0,12.29,6.86,1.8,24.97,14.82,26.03,7.41
2019-05-10,"Talcher Coalfields,Talcher - OSPCB",45.82,202.32,2.48,216.21,66.48,31.3,0.0,13.78,6.67,1.85,26.39,11.12,24.1,8.33
2019-05-11,"Talcher Coalfields,Talcher - OSPCB",38.01,148.75,2.5,212.51,68.98,31.4,0.0,11.98,7.55,1.65,26.5,26.58,32.98,3.51
2019-05-12,"Talcher Coalfields,Talcher - OSPCB",38.31,147.18,2.59,202.74,66.2,30.9,0.1,14.03,6.68,1.91,26.09,10.77,23.99,3.79
2019-05-13,"Talcher Coalfields,Talcher - OSPCB",45.22,219.34,2.66,163.75,55.16,31.8,0.0,13.17,6.79,2.12,26.7,13.51,25.02,5.53
2019-05-14,"Talcher Coalfields,Talcher - OSPCB",25.86,130.43,2.25,194.97,56.99,30.5,0.0,12.47,6.87,1.5,23.41,14.86,25.94,3.92
2019-05-15,"Talcher Coalfields,Talcher - OSPCB",27.98,113.87,2.37,221.58,62.09,31.1,0.0,12.23,7.89,1.48,23.37,28.4,30.78,5.98
2019-05-16,"Talcher Coalfields,Talcher - OSPCB",30.560000000000002,113.87,16.0,115.0,75.0,30.7,0.3,12.91,7.305,0.79,23.72,20.744999999999997,27.61,8.81
2019-05-17,"Talcher Coalfields,Talcher - OSPCB",33.14,146.65,2.62,194.85,53.82,32.0,0.0,13.59,6.72,0.1,24.07,13.09,24.44,11.64
2019-05-18,"Talcher Coalfields,Talcher - OSPCB",34.87,147.66,2.1,198.34,58.02,32.5,0.0,11.55,6.99,0.0,23.15,15.49,27.03,7.85
2019-05-19,"Talcher Coalfields,Talcher - OSPCB",33.19,146.21,2.03,210.33,58.4,30.6,3.3,10.82,7.08,0.0,23.15,17.13,27.95,9.15
2019-05-20,"Talcher Coalfields,Talcher - OSPCB",25.11,130.99,2.02,220.66,64.14,30.3,2.4,10.7,7.09,0.0,23.31,17.42,28.12,3.64
2019-05-21,"Talcher Coalfields,Talcher - OSPCB",30.81,149.17,2.38,203.06,63.68,30.4,9.5,8.67,7.41,0.0,50.58,22.22,30.86,5.25
2019-05-22,"Talcher Coalfields,Talcher - OSPCB",29.33,135.98,2.03,206.49,64.07,31.8,0.3,9.64,7.25,0.0,44.47,20.43,29.5,6.95
2019-05-23,"Talcher Coalfields,Talcher - OSPCB",20.57,110.11,1.99,205.12,66.69,30.9,1.1,10.75,7.08,0.0,31.12,17.3,28.05,3.01
2019-05-24,"Talcher Coalfields,Talcher - OSPCB",20.67,84.96,2.28,193.43,61.72,32.5,0.0,6.79,7.85,0.0,26.0,30.48,35.51,3.85
2019-05-25,"Talcher Coalfields,Talcher - OSPCB",25.18,120.41,1.94,202.29,53.41,33.0,0.0,10.65,7.62,0.68,24.52,32.06,35.1,6.82
2019-05-26,"Talcher Coalfields,Talcher - OSPCB",29.5,117.66,1.94,218.45,59.52,31.9,0.0,12.76,6.8,0.62,22.44,12.91,25.35,4.77
2019-05-27,"Talcher Coalfields,Talcher - OSPCB",31.89,147.8,2.31,221.57,60.14,31.9,0.1,9.29,7.28,0.77,23.63,20.63,29.92,3.94
2019-05-28,"Talcher Coalfields,Talcher - OSPCB",26.56,138.66,2.34,217.14,66.03,31.2,0.4,12.32,8.33,0.83,24.42,26.92,31.86,7.45
2019-05-29,"Talcher Coalfields,Talcher - OSPCB",45.9,177.86,2.05,190.82,52.96,31.8,0.0,10.01,7.23,1.32,31.12,19.12,29.13,8.12
2019-05-30,"Talcher Coalfields,Talcher - OSPCB",29.98,131.45,2.08,213.65,60.44,31.8,0.0,12.23,7.65,0.93,32.14,16.19,36.16,7.76
2019-05-31,"Talcher Coalfields,Talcher - OSPCB",35.2,124.06,2.14,223.39,67.65,31.8,0.0,10.25,8.3,0.94,24.67,27.39,42.17,10.16
2019-06-01,"Talcher Coalfields,Talcher - OSPCB",51.69,141.29,2.23,194.6,63.89,31.9,5.2,13.5,6.67,1.93,27.56,11.41,24.27,15.89
2019-06-02,"Talcher Coalfields,Talcher - OSPCB",17.94,69.14,2.08,231.13,76.85,31.5,0.7,9.86,17.02,1.05,24.88,50.21,48.98,5.16
2019-06-03,"Talcher Coalfields,Talcher - OSPCB",32.03,131.02,2.42,201.67,70.56,31.4,0.1,9.67,7.21,0.98,23.94,19.62,29.3,3.24
2019-06-04,"Talcher Coalfields,Talcher - OSPCB",24.49,100.46,2.15,222.89,62.95,31.9,0.3,9.44,7.25,1.16,25.31,20.22,29.65,4.54
2019-06-05,"Talcher Coalfields,Talcher - OSPCB",31.42,123.4,2.12,204.62,59.89,32.3,4.3,11.22,6.99,0.86,22.8,16.13,27.22,6.35
2019-06-06,"Talcher Coalfields,Talcher - OSPCB",25.425,123.4,13.0,133.0,75.0,31.6,2.1,10.665,7.135,0.865,22.175,22.265,28.84,6.54
2019-06-07,"Talcher Coalfields,Talcher - OSPCB",19.43,82.12,2.06,239.78,73.37,30.2,0.0,10.11,7.28,0.87,21.55,28.4,30.46,6.73
2019-06-08,"Talcher Coalfields,Talcher - OSPCB",31.96,107.48,2.27,208.7,72.82,31.1,0.3,3.93,8.27,0.92,24.64,37.87,39.54,3.95
2019-06-09,"Talcher Coalfields,Talcher - OSPCB",30.17,121.55,2.28,215.77,65.84,32.5,0.0,5.33,8.37,1.05,24.37,39.76,40.54,7.77
2019-06-10,"Talcher Coalfields,Talcher - OSPCB",30.27,105.69,2.49,219.28,69.32,33.0,0.1,8.39,7.38,1.03,22.97,22.56,30.9,8.43
2019-06-11,"Talcher Coalfields,Talcher - OSPCB",36.23,153.43,2.9,198.37,57.71,33.9,0.0,8.45,8.38,1.13,23.13,32.33,39.19,9.35
2019-06-12,"Talcher Coalfields,Talcher - OSPCB",25.78,124.64,2.36,208.91,58.12,34.5,0.0,6.53,7.89,0.99,23.27,31.29,35.74,14.06
2019-06-13,"Talcher Coalfields,Talcher - OSPCB",12.07,101.33,2.26,144.64,63.6,33.3,0.1,3.31,15.28,1.45,24.33,60.55,78.43,11.51
2019-06-14,"Talcher Coalfields,Talcher - OSPCB",34.1,101.33,2.22,144.94,63.81,34.2,0.4,10.59,7.05,1.84,26.18,17.39,27.97,8.09
2019-06-15,"Talcher Coalfields,Talcher - OSPCB",25.02,101.33,2.82,169.17,58.24,34.2,0.0,9.48,7.71,1.75,26.08,29.93,35.32,9.25
2019-06-16,"Talcher Coalfields,Talcher - OSPCB",15.94,130.14,2.56,154.67,73.76,32.2,0.2,12.49,6.86,1.49,26.97,14.81,25.84,4.04
2019-06-17,"Talcher Coalfields,Talcher - OSPCB",19.4,99.54,2.2,131.43,68.7,31.6,3.1,8.0,7.52,1.24,25.15,23.83,31.8,4.32
2019-06-18,"Talcher Coalfields,Talcher - OSPCB",26.18,133.07,2.51,137.04,67.45,31.9,1.3,3.48,8.19,1.5,26.83,35.52,38.3,7.52
2019-06-19,"Talcher Coalfields,Talcher - OSPCB",35.32,181.7,2.35,153.22,62.47,32.3,0.0,6.88,7.63,1.58,25.5,26.25,33.13,8.47
2019-06-20,"Talcher Coalfields,Talcher - OSPCB",36.43,146.2,2.11,212.13,75.65,30.4,6.9,5.42,10.02,1.5,24.48,45.55,45.58,6.46
2019-06-21,"Talcher Coalfields,Talcher - OSPCB",17.66,73.1,2.36,133.96,83.39,27.6,28.8,6.53,7.68,1.46,25.11,26.95,33.48,3.65
2019-06-22,"Talcher Coalfields,Talcher - OSPCB",23.88,47.58,2.74,176.01,84.77,27.4,15.9,6.63,12.07,1.55,26.55,43.48,39.92,3.8
2019-06-23,"Talcher Coalfields,Talcher - OSPCB",15.4,54.35,2.39,229.15,78.44,28.5,6.4,6.43,7.69,1.15,24.81,27.15,33.58,4.03
2019-06-24,"Talcher Coalfields,Talcher - OSPCB",14.14,55.96,2.29,234.03,69.18,30.0,0.7,6.83,7.61,0.97,23.27,26.23,33.06,7.33
2019-06-25,"Talcher Coalfields,Talcher - OSPCB",17.94,75.45,2.22,228.9,68.1,30.4,0.0,6.42,8.04,0.97,24.94,33.34,37.05,2.22
2019-06-26,"Talcher Coalfields,Talcher - OSPCB",16.14,68.56,2.1,216.97,69.42,30.6,0.0,5.64,8.64,1.04,23.74,34.82,41.16,5.97
2019-06-27,"Talcher Coalfields,Talcher - OSPCB",21.06,94.86,2.17,199.64,69.79,31.1,0.5,6.96,7.61,1.08,22.59,25.96,32.92,4.42
2019-06-28,"Talcher Coalfields,Talcher - OSPCB",32.5,121.76,2.52,175.74,80.09,28.8,15.2,7.17,8.81,1.4,23.94,37.25,34.69,3.8
2019-06-29,"Talcher Coalfields,Talcher - OSPCB",29.57,128.19,2.41,157.28,75.25,29.7,16.2,7.34,7.57,1.87,25.64,25.13,32.47,3.42
2019-06-30,"Talcher Coalfields,Talcher - OSPCB",20.8,61.86,2.39,155.01,82.41,27.8,12.6,6.31,7.7,1.62,25.7,27.49,33.8,1.88
2019-07-01,"Talcher Coalfields,Talcher - OSPCB",25.64,58.67,2.39,120.75,92.0,26.6,92.1,5.12,7.83,1.64,26.46,30.12,35.25,1.87
2019-07-02,"Talcher Coalfields,Talcher - OSPCB",17.46,58.75,2.35,163.79,87.0,27.4,59.3,7.23,7.7,0.8,27.24,27.53,33.86,1.92
2019-07-03,"Talcher Coalfields,Talcher - OSPCB",19.29,81.35,2.76,194.9,81.98,28.2,4.8,6.06,8.2,0.82,28.21,37.75,40.16,2.75
2019-07-04,"Talcher Coalfields,Talcher - OSPCB",17.67,40.53,2.57,163.38,85.33,27.9,6.8,5.64,8.3,1.53,27.6,35.92,41.16,1.17
2019-07-05,"Talcher Coalfields,Talcher - OSPCB",30.42,59.42,2.55,153.32,86.39,26.7,41.9,5.11,9.02,2.07,29.26,33.45,47.77,1.27
2019-07-06,"Talcher Coalfields,Talcher - OSPCB",12.18,37.71,2.26,164.6,87.04,26.7,20.3,3.45,8.05,1.57,29.04,33.79,37.24,0.31
2019-07-07,"Talcher Coalfields,Talcher - OSPCB",23.18,78.62,2.6,157.1,83.66,28.3,5.0,5.56,7.86,1.68,29.26,30.35,35.43,1.4
2019-07-08,"Talcher Coalfields,Talcher - OSPCB",24.18,106.35,2.34,164.58,78.17,29.0,3.0,5.65,7.78,1.87,30.37,28.96,34.61,1.21
2019-07-09,"Talcher Coalfields,Talcher - OSPCB",22.51,111.13,2.68,175.12,75.01,28.9,5.5,4.92,7.86,1.59,31.26,30.53,35.45,1.39
2019-07-10,"Talcher Coalfields,Talcher - OSPCB",19.12,102.12,2.43,191.16,77.35,28.6,8.5,4.52,7.92,1.41,31.66,31.43,35.95,0.79
2019-07-11,"Talcher Coalfields,Talcher - OSPCB",15.91,88.59,2.36,201.67,76.45,28.8,12.5,5.75,7.77,1.34,31.64,28.68,34.43,0.94
2019-07-12,"Talcher Coalfields,Talcher - OSPCB",24.29,112.73,2.74,178.29,76.89,28.4,5.4,6.5,7.98,1.44,32.06,32.93,36.93,1.62
2019-07-13,"Talcher Coalfields,Talcher - OSPCB",27.51,138.71,2.46,158.86,70.38,29.1,4.2,5.89,7.74,1.64,32.96,28.38,34.27,2.11
2019-07-14,"Talcher Coalfields,Talcher - OSPCB",36.14,113.54,2.51,150.03,73.01,29.6,2.0,4.76,15.93,1.66,34.45,56.5,45.0,1.76
2019-07-15,"Talcher Coalfields,Talcher - OSPCB",28.92,148.14,2.33,150.35,67.78,29.7,3.8,4.97,7.86,1.54,33.41,30.44,35.41,2.46
2019-07-16,"Talcher Coalfields,Talcher - OSPCB",36.75,194.79,2.36,147.39,65.95,29.4,13.1,3.19,8.07,1.66,33.14,34.35,37.54,4.0
2019-07-17,"Talcher Coalfields,Talcher - OSPCB",42.5,162.89,2.21,161.53,73.83,29.7,4.4,1.89,9.43,1.99,34.01,39.0,42.51,2.67
2019-07-18,"Talcher Coalfields,Talcher - OSPCB",33.82,147.21,2.13,166.56,74.1,29.1,11.6,1.96,10.1,1.9,34.85,58.81,50.7,3.8
2019-07-19,"Talcher Coalfields,Talcher - OSPCB",9.43,169.63,2.35,207.33,75.89,28.3,9.7,1.34,9.21,1.75,33.36,57.26,51.51,1.41
2019-07-20,"Talcher Coalfields,Talcher - OSPCB",13.14,46.18,2.03,203.4,81.7,28.3,2.4,1.76,8.67,1.33,33.65,45.11,43.62,1.34
2019-07-21,"Talcher Coalfields,Talcher - OSPCB",16.07,47.43,1.85,235.6,72.58,29.2,1.1,3.57,9.63,1.28,33.98,54.42,48.6,2.77
2019-07-22,"Talcher Coalfields,Talcher - OSPCB",16.32,63.49,2.1,182.84,69.02,29.5,0.5,0.75,8.89,1.19,34.16,49.1,45.64,1.95
2019-07-23,"Talcher Coalfields,Talcher - OSPCB",15.88,69.24,1.88,193.09,69.09,29.5,0.3,1.78,8.8,1.21,33.53,47.45,44.77,2.61
2019-07-24,"Talcher Coalfields,Talcher - OSPCB",21.13,104.41,1.85,170.67,71.49,29.0,8.7,7.53,7.77,1.3,34.19,30.24,35.08,1.91
2019-07-25,"Talcher Coalfields,Talcher - OSPCB",32.93,87.99,1.46,172.11,87.24,27.8,18.0,8.42,8.37,1.6,35.08,36.12,37.27,2.75
2019-07-26,"Talcher Coalfields,Talcher - OSPCB",12.71,38.29,1.8,184.59,88.45,27.3,12.0,10.96,8.03,1.7,35.19,35.6,38.33,0.92
2019-07-27,"Talcher Coalfields,Talcher - OSPCB",11.97,45.66,2.24,149.46,85.38,26.0,77.8,8.27,7.38,1.51,35.34,23.26,31.27,0.94
2019-07-28,"Talcher Coalfields,Talcher - OSPCB",19.76,57.19,2.26,162.62,86.18,27.0,15.3,9.54,7.47,1.73,35.71,24.7,32.02,1.06
2019-07-29,"Talcher Coalfields,Talcher - OSPCB",12.19,41.61,2.72,237.9,87.04,26.9,54.8,9.68,7.49,1.46,35.19,25.01,32.2,0.99
2019-07-30,"Talcher Coalfields,Talcher - OSPCB",14.94,55.16,2.14,235.4,76.67,27.9,6.4,9.13,7.41,1.38,34.99,23.4,31.35,1.49
2019-07-31,"Talcher Coalfields,Talcher - OSPCB",16.55,65.71,2.27,182.16,78.49,28.1,2.2,9.31,7.26,1.44,36.34,20.47,29.78,0.8
2019-08-01,"Talcher Coalfields,Talcher - OSPCB",7.35,34.82,2.25,170.99,81.14,27.3,9.1,10.37,7.11,1.47,37.19,18.31,28.53,0.46
2019-08-02,"Talcher Coalfields,Talcher - OSPCB",18.53,62.71,2.04,174.93,78.58,27.7,9.3,10.69,7.04,1.82,37.46,17.12,27.81,3.33
2019-08-03,"Talcher Coalfields,Talcher - OSPCB",12.61,44.33,2.53,149.88,81.26,27.6,4.7,10.28,7.09,1.82,37.89,18.1,28.38,0.86
2019-08-04,"Talcher Coalfields,Talcher - OSPCB",9.08,32.97,2.64,139.34,75.89,27.5,9.9,10.09,7.11,1.56,37.64,18.52,28.61,1.59
2019-08-05,"Talcher Coalfields,Talcher - OSPCB",14.03,50.82,2.22,138.3,76.99,28.4,6.4,11.59,6.92,1.7,37.72,15.13,26.71,1.93
2019-08-06,"Talcher Coalfields,Talcher - OSPCB",23.24,50.97,2.25,131.99,87.99,27.4,35.9,6.28,7.97,1.83,37.45,33.36,37.03,2.34
2019-08-07,"Talcher Coalfields,Talcher - OSPCB",20.39,48.08,2.7,144.4,86.81,27.1,28.1,0.19,8.81,1.91,42.35,47.42,44.89,1.63
2019-08-08,"Talcher Coalfields,Talcher - OSPCB",12.75,42.35,2.38,226.82,85.09,27.2,24.5,4.38,8.36,1.65,43.89,40.09,40.72,1.28
2019-08-09,"Talcher Coalfields,Talcher - OSPCB",19.06,74.63,2.65,172.52,79.03,28.2,2.3,8.47,7.34,1.66,42.88,22.51,30.79,1.55
2019-08-10,"Talcher Coalfields,Talcher - OSPCB",20.44,91.66,2.62,161.26,75.53,28.6,5.5,9.08,7.24,2.07,41.07,20.66,29.74,2.07
2019-08-11,"Talcher Coalfields,Talcher - OSPCB",22.16,101.32,2.36,138.61,76.31,28.7,13.7,7.55,7.43,1.94,40.17,24.14,31.68,2.84
2019-08-12,"Talcher Coalfields,Talcher - OSPCB",26.27,84.27,2.49,138.22,89.64,27.2,55.7,6.89,7.51,2.14,39.47,25.69,32.55,1.85
2019-08-13,"Talcher Coalfields,Talcher - OSPCB",24.04,84.27,2.76,186.58,91.81,26.6,24.4,7.27,7.49,2.11,40.12,25.31,32.38,1.19
2019-08-14,"Talcher Coalfields,Talcher - OSPCB",30.905,84.27,2.93,187.95,84.13,27.6,6.9,9.56,8.24,2.01,39.92,35.42,38.67,2.02
2019-08-15,"Talcher Coalfields,Talcher - OSPCB",37.77,84.27,2.67,178.13,78.83,28.6,1.8,10.13,7.1,2.09,39.7,18.41,28.54,1.89
2019-08-16,"Talcher Coalfields,Talcher - OSPCB",36.45,84.27,2.83,169.03,78.9,28.9,5.0,8.95,7.23,2.12,40.03,20.94,29.89,3.63
2019-08-17,"Talcher Coalfields,Talcher - OSPCB",35.13,84.27,2.6,153.95,78.79,28.7,14.5,7.78,7.39,2.33,40.81,23.61,31.38,1.9
2019-08-18,"Talcher Coalfields,Talcher - OSPCB",17.76,84.27,2.55,165.54,83.76,26.5,29.0,8.24,8.96,2.19,41.38,27.31,33.38,2.14
2019-08-19,"Talcher Coalfields,Talcher - OSPCB",12.7,84.27,2.76,180.79,76.58,27.8,5.8,9.47,7.19,1.82,40.42,19.81,29.28,1.23
2019-08-20,"Talcher Coalfields,Talcher - OSPCB",15.9,49.37,3.19,180.95,83.74,28.2,7.3,8.54,7.34,1.81,40.18,22.8,30.95,3.3
2019-08-21,"Talcher Coalfields,Talcher - OSPCB",24.21,69.3,2.91,159.9,84.18,27.7,5.3,6.81,7.53,2.14,40.18,25.97,32.71,2.65
2019-08-22,"Talcher Coalfields,Talcher - OSPCB",38.94,97.62,2.67,167.75,82.63,28.0,10.7,7.32,7.99,2.2,39.94,34.98,37.97,6.31
2019-08-23,"Talcher Coalfields,Talcher - OSPCB",34.45,61.9,2.94,171.13,91.06,27.5,21.3,6.67,7.6,2.67,40.4,27.31,33.49,2.2
2019-08-24,"Talcher Coalfields,Talcher - OSPCB",36.49,86.09,2.97,178.82,86.75,26.8,18.1,6.76,7.63,2.75,40.81,27.77,33.66,4.62
2019-08-25,"Talcher Coalfields,Talcher - OSPCB",30.03,70.2,3.27,192.04,87.84,26.4,35.9,7.03,7.69,2.41,40.91,28.9,34.32,2.67
2019-08-26,"Talcher Coalfields,Talcher - OSPCB",18.89,82.49,2.85,176.76,84.56,26.3,28.5,7.65,7.62,2.11,41.25,27.61,33.57,0.88
2019-08-27,"Talcher Coalfields,Talcher - OSPCB",31.86,104.39,3.04,149.23,83.71,27.6,4.9,9.12,7.22,2.64,42.38,20.52,29.64,2.4
2019-08-28,"Talcher Coalfields,Talcher - OSPCB",24.28,117.94,2.77,149.64,80.95,27.6,0.2,8.66,7.28,2.39,42.79,21.57,30.23,1.5
2019-08-29,"Talcher Coalfields,Talcher - OSPCB",25.77,73.8,2.66,171.32,81.48,27.3,14.6,8.23,7.61,2.19,43.54,28.09,33.97,2.71
2019-08-30,"Talcher Coalfields,Talcher - OSPCB",34.07,83.89,2.82,190.6,79.27,27.6,7.2,5.7,8.2,1.18,48.97,36.96,38.89,5.91
2019-08-31,"Talcher Coalfields,Talcher - OSPCB",15.03,47.77,2.58,203.04,76.96,27.7,2.3,3.18,9.09,0.39,49.22,52.11,47.53,7.16
2019-09-01,"Talcher Coalfields,Talcher - OSPCB",15.47,37.34,3.04,196.71,85.55,28.1,9.3,3.91,14.34,0.89,27.58,49.23,50.74,0.65
2019-09-02,"Talcher Coalfields,Talcher - OSPCB",20.3,55.75,2.94,154.89,84.89,27.2,98.7,4.16,8.01,1.24,16.22,33.32,37.01,0.46
2019-09-03,"Talcher Coalfields,Talcher - OSPCB",19.9,53.98,2.62,161.26,86.55,27.0,29.4,4.74,7.87,1.55,65.47,31.07,35.67,0.97
2019-09-04,"Talcher Coalfields,Talcher - OSPCB",31.45,59.08,3.18,197.6,84.05,27.0,17.3,7.6,7.64,1.32,50.0,27.39,33.54,1.07
2019-09-05,"Talcher Coalfields,Talcher - OSPCB",19.74,52.11,2.64,167.74,83.43,27.0,31.1,0.72,8.67,1.39,11.19,45.01,43.42,0.83
2019-09-06,"Talcher Coalfields,Talcher - OSPCB",16.99,36.38,2.62,161.05,85.93,27.2,22.6,7.61,8.6,1.34,9.73,39.17,43.53,1.03
2019-09-07,"Talcher Coalfields,Talcher - OSPCB",13.24,36.24,2.47,198.91,92.31,26.6,51.7,8.73,7.33,0.95,25.81,22.78,30.93,0.5
2019-09-08,"Talcher Coalfields,Talcher - OSPCB",23.72,44.48,2.93,212.07,87.62,27.5,4.1,9.35,7.61,1.07,21.13,28.0,33.71,0.71
2019-09-09,"Talcher Coalfields,Talcher - OSPCB",25.5,60.19,2.99,189.18,84.86,28.3,1.5,7.88,7.59,1.16,23.75,26.35,33.17,0.65
2019-09-10,"Talcher Coalfields,Talcher - OSPCB",22.02,64.55,2.91,190.52,84.24,27.6,19.2,8.2,7.41,1.04,35.9,23.06,31.26,0.45
2019-09-11,"Talcher Coalfields,Talcher - OSPCB",33.28,89.79,3.41,197.04,88.31,27.1,23.0,6.75,7.96,1.22,30.99,33.59,37.53,0.34
2019-09-12,"Talcher Coalfields,Talcher - OSPCB",24.02,51.01,2.24,222.48,90.21,27.2,5.2,6.25,8.04,1.05,19.51,34.54,37.54,0.72
2019-09-13,"Talcher Coalfields,Talcher - OSPCB",20.03,52.46,2.8,205.78,85.11,27.4,8.8,5.75,7.88,1.1,10.56,31.24,35.74,0.93
2019-09-14,"Talcher Coalfields,Talcher - OSPCB",25.09,70.47,2.53,176.99,82.69,28.2,1.2,9.38,7.36,1.41,8.63,21.72,30.57,1.47
2019-09-15,"Talcher Coalfields,Talcher - OSPCB",24.63,76.77,2.52,188.09,83.51,28.1,7.9,8.48,7.4,1.19,7.21,22.54,31.01,1.25
2019-09-16,"Talcher Coalfields,Talcher - OSPCB",21.34,74.98,2.66,214.95,79.75,28.3,3.7,8.48,7.4,1.11,5.16,22.47,30.94,1.36
2019-09-17,"Talcher Coalfields,Talcher - OSPCB",14.15,46.61,2.43,209.48,78.13,28.0,2.2,8.74,7.41,0.85,2.1,22.54,31.01,1.16
2019-09-18,"Talcher Coalfields,Talcher - OSPCB",14.4,44.23,2.58,183.3,85.48,27.2,5.5,8.07,12.1,0.91,2.23,40.06,47.27,1.02
2019-09-19,"Talcher Coalfields,Talcher - OSPCB",9.37,37.82,2.86,199.54,79.51,27.2,3.6,9.35,7.25,0.85,1.9,20.32,29.67,0.81
2019-09-20,"Talcher Coalfields,Talcher - OSPCB",15.46,55.67,2.77,201.16,79.95,27.3,2.6,8.27,9.18,1.01,1.88,41.18,40.29,0.75
2019-09-21,"Talcher Coalfields,Talcher - OSPCB",27.88,89.21,2.62,189.29,75.02,27.9,0.5,1.11,8.41,1.15,2.51,40.02,40.76,1.52
2019-09-22,"Talcher Coalfields,Talcher - OSPCB",18.55,47.75,2.67,184.45,87.5,27.5,6.1,1.42,12.73,1.25,3.0,69.46,50.52,1.14
2019-09-23,"Talcher Coalfields,Talcher - OSPCB",13.56,34.64,2.67,186.99,83.98,26.6,13.1,1.93,8.26,1.03,1.93,37.39,39.32,0.89
2019-09-24,"Talcher Coalfields,Talcher - OSPCB",7.87,19.54,2.66,189.04,88.91,25.7,26.9,0.87,8.4,1.0,2.42,39.87,40.66,1.3
2019-09-25,"Talcher Coalfields,Talcher - OSPCB",9.08,14.3,2.05,182.87,85.97,25.1,28.1,5.9,8.190000000000001,0.69,0.93,48.91,0.0,16.87
2019-09-26,"Talcher Coalfields,Talcher - OSPCB",10.29,25.61,2.72,203.08,81.92,25.4,7.3,10.93,7.98,0.92,6.42,57.95,14.38,9.56
2019-10-01,"Talcher Coalfields,Talcher - OSPCB",15.55,25.61,2.86,152.92,79.83,26.8,8.0,3.33,8.3,0.34,42.55,37.9,39.59,0.77
2019-10-02,"Talcher Coalfields,Talcher - OSPCB",29.91,25.61,2.79,160.75,76.34,27.4,2.8,2.67,8.45,0.52,34.4,40.89,41.2,0.11
2019-10-10,"Talcher Coalfields,Talcher - OSPCB",10.36,50.5,2.54,177.16,76.6,26.3,11.4,10.58,6.88,0.9,28.48,16.73,26.6,10.97
2019-10-11,"Talcher Coalfields,Talcher - OSPCB",13.23,51.23,2.55,171.1,78.25,26.2,16.6,9.79,7.17,1.11,26.72,19.2,28.98,12.53
2019-10-12,"Talcher Coalfields,Talcher - OSPCB",33.88,58.75,3.13,179.07,82.87,27.0,4.0,9.24,7.19,1.89,27.88,20.27,29.5,12.09
2019-10-13,"Talcher Coalfields,Talcher - OSPCB",31.23,57.17,2.91,142.58,82.76,26.3,19.2,9.14,7.29,2.02,31.68,20.5,29.64,12.79
2019-10-14,"Talcher Coalfields,Talcher - OSPCB",23.53,51.61,3.15,164.35,73.79,27.0,0.0,8.98,7.25,1.77,30.39,20.98,29.96,12.03
2019-10-15,"Talcher Coalfields,Talcher - OSPCB",29.83,63.53,2.88,182.82,74.38,26.8,0.1,7.77,7.4,1.37,28.85,23.55,31.32,11.6
2019-10-16,"Talcher Coalfields,Talcher - OSPCB",29.3,64.0,2.69,173.7,77.22,26.6,0.0,8.0,7.37,1.6,29.16,23.11,31.11,11.06
2019-10-17,"Talcher Coalfields,Talcher - OSPCB",16.8,55.74,2.59,204.11,78.44,26.4,1.1,9.24,7.22,1.06,28.22,20.3,29.54,11.86
2019-10-18,"Talcher Coalfields,Talcher - OSPCB",13.81,54.93,2.83,192.03,77.53,26.9,0.5,11.4,6.97,0.94,24.78,16.72,27.01,12.56
2019-10-19,"Talcher Coalfields,Talcher - OSPCB",16.55,46.68,2.7,204.06,76.13,27.1,0.1,11.53,6.98,1.12,25.21,15.64,27.03,12.61
2019-10-20,"Talcher Coalfields,Talcher - OSPCB",21.85,52.58,2.73,197.28,78.11,27.3,0.4,11.73,6.95,1.07,27.54,14.89,26.61,11.38
2019-10-21,"Talcher Coalfields,Talcher - OSPCB",32.06,66.06,3.13,147.81,85.6,27.3,1.7,11.89,6.92,1.89,34.4,14.42,26.32,12.59
2019-10-22,"Talcher Coalfields,Talcher - OSPCB",17.5,51.37,2.74,208.3,76.9,27.4,0.6,11.4,6.99,1.3,34.46,15.78,27.18,12.06
2019-10-23,"Talcher Coalfields,Talcher - OSPCB",11.46,50.92,2.62,225.94,88.47,25.4,30.3,9.84,7.2,1.0,31.3,19.27,29.11,10.72
2019-10-24,"Talcher Coalfields,Talcher - OSPCB",7.88,50.02,2.32,171.13,93.31,23.8,100.5,8.91,7.33,0.88,27.87,21.19,30.1,10.3
2019-10-25,"Talcher Coalfields,Talcher - OSPCB",12.66,43.55,2.32,148.51,85.22,25.4,25.6,7.39,8.23,1.35,27.67,35.37,39.06,11.59
2019-10-26,"Talcher Coalfields,Talcher - OSPCB",24.84,58.45,2.57,174.58,85.48,24.7,2.5,5.01,7.81,1.8,30.29,30.28,35.28,12.66
2019-10-27,"Talcher Coalfields,Talcher - OSPCB",23.61,51.99,2.7,181.46,85.8,26.4,0.1,5.89,7.75,1.58,30.63,28.32,34.21,12.67
2019-10-28,"Talcher Coalfields,Talcher - OSPCB",19.64,70.42,2.73,180.31,83.16,26.1,2.3,5.62,7.76,1.33,30.08,28.98,34.56,11.52
2019-10-29,"Talcher Coalfields,Talcher - OSPCB",22.51,66.21,2.59,175.41,79.02,26.2,0.1,4.94,7.84,1.38,30.13,30.46,35.4,12.26
2019-10-30,"Talcher Coalfields,Talcher - OSPCB",28.76,74.86,2.6,174.78,80.49,26.6,0.5,4.41,7.91,1.74,30.71,31.55,35.96,13.26
2019-10-31,"Talcher Coalfields,Talcher - OSPCB",31.12,64.68,2.77,157.38,80.58,26.5,0.4,3.86,7.98,2.2,31.8,32.64,36.5,13.98
2019-11-01,"Talcher Coalfields,Talcher - OSPCB",30.68,60.88,2.75,107.68,73.21,26.8,0.0,3.99,7.94,2.71,33.9,32.57,36.56,15.18
2019-11-02,"Talcher Coalfields,Talcher - OSPCB",45.32,64.4,2.49,133.84,75.22,26.3,0.0,3.36,8.05,2.92,35.16,33.73,37.1,15.01
2019-11-03,"Talcher Coalfields,Talcher - OSPCB",73.53,87.8,2.51,190.83,73.9,25.9,0.0,3.0,8.09,2.84,36.17,34.57,37.57,13.97
2019-11-04,"Talcher Coalfields,Talcher - OSPCB",49.38,63.27,3.14,125.18,69.22,26.0,0.0,2.42,8.31,2.72,35.22,38.79,39.97,14.25
2019-11-05,"Talcher Coalfields,Talcher - OSPCB",47.6,68.55,3.17,138.13,73.55,26.2,0.0,1.93,8.3,2.48,35.69,38.31,39.73,13.63
2019-11-06,"Talcher Coalfields,Talcher - OSPCB",48.63,262.45,3.47,139.31,76.66,25.1,0.0,2.01,8.38,2.17,35.61,39.72,40.56,13.08
2019-11-07,"Talcher Coalfields,Talcher - OSPCB",47.48,506.22,3.09,126.84,73.33,24.2,0.0,1.3,8.48,2.12,36.44,41.78,41.59,13.72
2019-11-08,"Talcher Coalfields,Talcher - OSPCB",57.36,512.09,2.77,123.58,70.76,23.8,0.2,2.11,8.34,1.61,36.15,39.63,40.32,13.63
2019-11-09,"Talcher Coalfields,Talcher - OSPCB",27.87,78.3,2.9,137.96,75.19,24.8,0.0,1.99,8.2,1.16,35.37,36.92,38.91,12.01
2019-11-10,"Talcher Coalfields,Talcher - OSPCB",15.3,76.49,3.32,136.5,73.75,25.2,0.0,2.4,8.15,1.16,34.51,36.07,38.44,11.74
2019-11-11,"Talcher Coalfields,Talcher - OSPCB",30.94,158.68,3.2,124.81,71.47,24.5,0.0,6.8,6.95,1.68,35.34,20.6,27.4,12.4
2019-11-12,"Talcher Coalfields,Talcher - OSPCB",58.41,228.87,3.17,142.66,69.76,23.9,0.0,10.4,5.47,1.7,38.86,5.39,14.43,12.62
2019-11-13,"Talcher Coalfields,Talcher - OSPCB",72.15,203.64,3.15,140.34,72.99,23.2,0.0,10.29,5.49,1.9,39.21,5.56,14.62,12.97
2019-11-14,"Talcher Coalfields,Talcher - OSPCB",80.61,252.36,3.35,142.25,72.99,23.0,0.0,10.71,5.45,2.2,39.11,4.76,14.1,13.33
2019-11-15,"Talcher Coalfields,Talcher - OSPCB",81.64,254.38,3.15,141.56,74.26,22.8,0.0,9.29,5.63,2.22,38.95,6.6,15.9,13.07
2019-11-16,"Talcher Coalfields,Talcher - OSPCB",83.92,251.59,3.38,150.32,73.84,23.5,0.0,9.09,5.65,2.33,38.63,7.01,16.1,13.41
2019-11-17,"Talcher Coalfields,Talcher - OSPCB",63.08,245.04,3.54,146.64,72.59,23.8,0.0,8.38,5.73,1.94,39.12,8.56,16.93,12.52
2019-11-18,"Talcher Coalfields,Talcher - OSPCB",106.21,273.58,3.44,127.91,88.18,24.0,0.0,8.57,5.82,2.36,42.29,9.82,17.63,12.39
2019-11-19,"Talcher Coalfields,Talcher - OSPCB",67.39,190.28,3.2,172.22,75.07,23.5,0.0,9.92,5.54,1.96,39.36,5.8,15.08,12.6
2019-11-20,"Talcher Coalfields,Talcher - OSPCB",62.18,198.17,3.42,177.09,71.92,22.9,0.0,9.53,5.59,1.43,39.13,6.21,15.6,12.41
2019-11-21,"Talcher Coalfields,Talcher - OSPCB",76.35,248.94,3.68,156.47,75.83,22.9,0.0,8.88,5.68,1.88,39.21,7.46,16.34,12.54
2019-11-22,"Talcher Coalfields,Talcher - OSPCB",93.95,288.27,3.3,152.55,77.59,23.5,0.0,8.68,5.71,2.15,40.09,7.92,16.59,12.55
2019-11-23,"Talcher Coalfields,Talcher - OSPCB",100.93,251.34,3.5,166.48,75.4,23.6,0.0,7.86,5.89,2.53,39.99,11.03,18.31,13.24
2019-11-28,"Talcher Coalfields,Talcher - OSPCB",72.8,239.03,8.7,112.0,79.0,23.7,0.0,6.13,3.28,0.76,15.33,4.51,10.19,12.92
2019-11-29,"Talcher Coalfields,Talcher - OSPCB",124.3,357.69,7.6,111.0,77.0,23.9,0.0,14.04,12.26,1.99,28.15,142.55,81.28,14.98
2019-11-30,"Talcher Coalfields,Talcher - OSPCB",100.84,328.89,3.04,135.75,68.5,24.4,0.0,30.26,33.59,1.38,38.7,241.95,231.9,17.53
2019-12-01,"Talcher Coalfields,Talcher - OSPCB",81.67,259.87,3.45,179.84,77.44,23.8,0.0,33.72,38.38,0.99,44.58,190.44,188.5,24.96
2019-12-02,"Talcher Coalfields,Talcher - OSPCB",82.14,267.6,3.48,179.44,78.27,23.6,0.0,41.18,41.81,1.0,36.43,168.45,160.07,28.54
2019-12-03,"Talcher Coalfields,Talcher - OSPCB",97.91,260.47,3.74,175.09,76.81,23.2,0.0,40.32,45.43,1.55,30.78,183.34,195.11,24.71
2019-12-04,"Talcher Coalfields,Talcher - OSPCB",60.9,210.7,3.28,161.34,69.01,23.0,0.0,23.42,44.013333333333335,0.7,27.36,20.18,38.55,25.37
2019-12-05,"Talcher Coalfields,Talcher - OSPCB",74.15,283.68,3.16,149.37,66.14,21.5,0.0,33.73,42.596666666666664,1.76,25.95,11.81,43.56,23.84
2019-12-06,"Talcher Coalfields,Talcher - OSPCB",80.68,302.3,3.2,137.26,66.99,20.8,0.0,33.75,41.18,2.62,27.24,11.69,43.44,17.14
2019-12-07,"Talcher Coalfields,Talcher - OSPCB",87.71,291.96,3.29,151.74,73.26,21.7,0.0,33.9,39.763333333333335,2.7,23.1,11.23,43.26,18.66
2019-12-08,"Talcher Coalfields,Talcher - OSPCB",79.29,255.27,3.44,162.06,76.06,22.5,0.0,33.61,38.346666666666664,2.6,21.49,11.53,43.58,5.71
2019-12-09,"Talcher Coalfields,Talcher - OSPCB",87.03,280.28,3.53,155.17,77.3,22.9,0.0,34.57,36.93,2.67,19.07,10.63,42.34,13.82
2019-12-10,"Talcher Coalfields,Talcher - OSPCB",79.11,246.92,3.15,166.5,75.72,22.6,0.0,35.29,35.513333333333335,2.43,18.32,10.38,41.32,12.62
2019-12-11,"Talcher Coalfields,Talcher - OSPCB",89.74,296.43,3.24,145.22,73.55,22.3,0.0,34.98,7.525,2.68,18.32,10.5,41.76,14.77
2019-12-12,"Talcher Coalfields,Talcher - OSPCB",79.87,241.9,3.37,182.92,75.59,22.6,0.0,35.31,7.525,2.46,16.44,9.24,41.35,8.97
2019-12-13,"Talcher Coalfields,Talcher - OSPCB",39.27,130.67,3.18,194.31,80.22,22.6,0.9,36.84,7.525,1.43,10.23,7.86,39.23,20.48
2019-12-14,"Talcher Coalfields,Talcher - OSPCB",58.34,202.76,3.2,182.69,76.16,23.3,0.2,37.06,7.525,1.82,10.15,7.1,38.96,16.49
2019-12-15,"Talcher Coalfields,Talcher - OSPCB",40.08,131.32,3.16,191.99,77.42,23.3,0.0,36.64,7.525,1.58,8.35,8.51,39.62,13.96
2019-12-16,"Talcher Coalfields,Talcher - OSPCB",58.51,190.37,3.21,192.71,77.61,22.9,0.0,36.32,7.525,1.85,5.69,8.89,39.98,22.58
2019-12-17,"Talcher Coalfields,Talcher - OSPCB",61.71,198.73,3.21,181.54,76.92,23.1,0.3,35.96,7.525,1.89,4.54,8.86,40.52,21.65
2019-12-18,"Talcher Coalfields,Talcher - OSPCB",58.67,218.89,3.3,178.36,82.37,22.0,0.9,35.0,24.18,2.21,3.45,18.89,45.38,10.97
2019-12-19,"Talcher Coalfields,Talcher - OSPCB",58.72,217.01,3.46,171.7,73.76,20.1,0.0,29.56,26.9,1.94,12.12,20.8,49.89,28.19
2019-12-20,"Talcher Coalfields,Talcher - OSPCB",108.18,309.68,3.25,165.34,75.18,19.6,0.0,31.68,29.619999999999997,1.82,27.3,15.96,46.91,27.94
2019-12-21,"Talcher Coalfields,Talcher - OSPCB",206.48,306.94,3.17,178.24,80.37,19.9,0.0,28.35,32.34,0.82,40.02,23.38,51.73,18.28
2019-12-22,"Talcher Coalfields,Talcher - OSPCB",177.55,267.97,3.32,183.03,77.62,20.5,0.0,33.04,35.06,0.56,26.89,11.85,44.89,27.64
2019-12-23,"Talcher Coalfields,Talcher - OSPCB",162.46,226.34,3.16,183.32,77.69,21.4,0.0,32.99,37.78,0.29,15.35,11.99,44.98,39.09
2019-12-24,"Talcher Coalfields,Talcher - OSPCB",179.17,285.65,3.44,177.26,72.51,21.3,0.0,32.97,40.5,0.82,16.85,12.09,45.06,22.49
2019-12-25,"Talcher Coalfields,Talcher - OSPCB",134.52,201.47,3.05,183.59,72.22,21.8,0.0,33.49,43.22,0.43,11.65,10.85,44.34,30.54
2019-12-26,"Talcher Coalfields,Talcher - OSPCB",107.98,158.4,3.21,194.97,91.24,20.6,6.7,31.67,45.94,0.18,9.04,18.22,49.25,22.54
2019-12-27,"Talcher Coalfields,Talcher - OSPCB",120.38,158.4,3.11,183.18,84.86,19.8,4.4,33.05,24.86,0.69,17.09,11.7,44.74,14.55
2019-12-28,"Talcher Coalfields,Talcher - OSPCB",146.2,458.11,3.05,142.64,71.32,17.0,0.0,29.22,3.78,1.26,22.55,18.42,33.76,13.62
2019-12-29,"Talcher Coalfields,Talcher - OSPCB",152.1,355.04,3.12,129.58,66.89,16.4,0.0,26.76,1.61,2.55,32.5,2.58,6.22,18.03
2019-12-30,"Talcher Coalfields,Talcher - OSPCB",189.24,336.11,3.2,153.63,71.45,17.2,0.0,24.26,1.97,2.25,30.17,3.26,9.03,23.27
2019-12-31,"Talcher Coalfields,Talcher - OSPCB",206.13,308.25,3.86,143.61,91.23,17.0,0.0,19.98,2.68,2.22,30.36,3.26,14.9,23.27
