from date,NO2,NH3,CO,Ozone,SO2,Benzene,PM2.5,PM10,to date,station,date,Temp_ext,Rainfall,WindSpeed,WindDir,Humidity_ext
01-Jan-2019 - 00:00,3.83,1.65,0.46,37.24,23.09,0.13,267.76,396.22,02-Jan-2019 - 00:00,"Vindhyachal STPS, Singrauli - MPPCB",2019-01-01,14.1,0.0,8.2,341,61
02-Jan-2019 - 00:00,3.45,1.79,0.4,37.72,17.42,0.13,221.81,408.47,03-Jan-2019 - 00:00,"Vindhyachal STPS, Singrauli - MPPCB",2019-01-02,15.9,0.0,11.2,22,54
03-Jan-2019 - 00:00,2.63,1.67,0.36,38.84,11.43,0.09,174.92,359.56,04-Jan-2019 - 00:00,"Vindhyachal STPS, Singrauli - MPPCB",2019-01-03,15.3,0.0,11.8,315,56
04-Jan-2019 - 00:00,2.45,1.52,0.37,42.67,12.66,0.11,206.55,388.23,05-Jan-2019 - 00:00,"Vindhyachal STPS, Singrauli - MPPCB",2019-01-04,15.5,0.0,9.8,345,60
05-Jan-2019 - 00:00,3.19,1.94,0.38,28.35,21.9,0.11,192.02,328.21,06-Jan-2019 - 00:00,"Vindhyachal STPS, Singrauli - MPPCB",2019-01-05,16.1,0.0,9.4,94,62
06-Jan-2019 - 00:00,2.29,2.09,0.31,67.33,17.66,0.07,138.36,252.48,07-Jan-2019 - 00:00,"Vindhyachal STPS, Singrauli - MPPCB",2019-01-06,18.2,0.0,12.3,120,59
07-Jan-2019 - 00:00,1.92,1.7,0.27,68.73,12.82,0.08,177.37,299.23,08-Jan-2019 - 00:00,"Vindhyachal STPS, Singrauli - MPPCB",2019-01-07,17.3,0.3,16.2,303,63
08-Jan-2019 - 00:00,2.06,1.68,0.26,56.28,11.38,0.07,144.34,228.92,09-Jan-2019 - 00:00,"Vindhyachal STPS, Singrauli - MPPCB",2019-01-08,15.3,0.0,10.5,318,69
09-Jan-2019 - 00:00,2.04,1.81,0.29,50.84,10.47,0.07,129.86,254.69,10-Jan-2019 - 00:00,"Vindhyachal STPS, Singrauli - MPPCB",2019-01-09,15.4,0.0,14.7,303,56
10-Jan-2019 - 00:00,2.37,1.73,0.8,42.22,35.44,0.07,144.18,288.62,11-Jan-2019 - 00:00,"Vindhyachal STPS, Singrauli - MPPCB",2019-01-10,14.5,0.0,9.0,324,57
11-Jan-2019 - 00:00,33.98,10.47,1.51,36.88,68.79,0.08,158.41,321.32,12-Jan-2019 - 00:00,"Vindhyachal STPS, Singrauli - MPPCB",2019-01-11,15.2,0.0,13.1,43,58
12-Jan-2019 - 00:00,76.16,22.37,1.75,27.11,66.51,0.09,206.76,389.96,13-Jan-2019 - 00:00,"Vindhyachal STPS, Singrauli - MPPCB",2019-01-12,16.3,0.0,10.8,69,60
13-Jan-2019 - 00:00,55.29,20.5,1.56,49.93,59.62,0.08,178.81,344.71,14-Jan-2019 - 00:00,"Vindhyachal STPS, Singrauli - MPPCB",2019-01-13,17.6,0.4,13.9,352,68
14-Jan-2019 - 00:00,39.31,17.42,0.95,76.14,30.77,0.05,143.99,258.03,15-Jan-2019 - 00:00,"Vindhyachal STPS, Singrauli - MPPCB",2019-01-14,16.9,0.0,14.5,318,56
15-Jan-2019 - 00:00,46.32,15.12,1.01,47.66,35.57,0.04,96.17,244.96,16-Jan-2019 - 00:00,"Vindhyachal STPS, Singrauli - MPPCB",2019-01-15,14.4,0.0,14.9,297,44
16-Jan-2019 - 00:00,81.62,18.03,1.61,16.54,69.89,0.08,163.24,350.09,17-Jan-2019 - 00:00,"Vindhyachal STPS, Singrauli - MPPCB",2019-01-16,13.8,0.0,8.3,4,46
17-Jan-2019 - 00:00,73.98,18.09,1.52,21.24,72.25,0.08,157.94,373.75,18-Jan-2019 - 00:00,"Vindhyachal STPS, Singrauli - MPPCB",2019-01-17,15.6,0.0,9.8,353,48
18-Jan-2019 - 00:00,59.71,18.43,1.33,38.63,38.77,0.07,158.27,338.22,19-Jan-2019 - 00:00,"Vindhyachal STPS, Singrauli - MPPCB",2019-01-18,15.4,0.0,13.3,319,53
19-Jan-2019 - 00:00,68.76,19.55,1.76,37.74,52.25,0.08,191.15,460.55,20-Jan-2019 - 00:00,"Vindhyachal STPS, Singrauli - MPPCB",2019-01-19,15.7,0.0,9.4,312,54
20-Jan-2019 - 00:00,60.82,18.66,1.68,38.79,44.63,0.08,167.62,412.38,21-Jan-2019 - 00:00,"Vindhyachal STPS, Singrauli - MPPCB",2019-01-20,17.5,0.0,12.6,325,46
21-Jan-2019 - 00:00,62.92,17.78,1.48,34.19,57.89,0.08,143.89,410.4,22-Jan-2019 - 00:00,"Vindhyachal STPS, Singrauli - MPPCB",2019-01-21,19.3,0.0,12.7,125,44
22-Jan-2019 - 00:00,60.11,17.3,1.42,48.98,57.89,0.06,146.85,323.8,23-Jan-2019 - 00:00,"Vindhyachal STPS, Singrauli - MPPCB",2019-01-22,20.5,0.0,18.7,162,46
23-Jan-2019 - 00:00,59.5,20.19,1.44,43.36,44.88,0.05,154.42,371.3,24-Jan-2019 - 00:00,"Vindhyachal STPS, Singrauli - MPPCB",2019-01-23,18.8,2.3,12.5,4,64
24-Jan-2019 - 00:00,42.43,21.59,1.27,30.33,36.53,0.08,154.79,213.69,25-Jan-2019 - 00:00,"Vindhyachal STPS, Singrauli - MPPCB",2019-01-24,17.8,0.9,10.6,88,77
25-Jan-2019 - 00:00,36.3,18.54,0.77,30.92,22.9,0.01,47.75,84.95,26-Jan-2019 - 00:00,"Vindhyachal STPS, Singrauli - MPPCB",2019-01-25,16.8,3.9,15.2,129,84
26-Jan-2019 - 00:00,50.26,23.96,1.0,16.32,35.18,0.04,109.71,145.76,27-Jan-2019 - 00:00,"Vindhyachal STPS, Singrauli - MPPCB",2019-01-26,15.8,2.4,12.3,50,86
27-Jan-2019 - 00:00,40.22,19.19,1.0,24.57,31.32,0.02,85.4,161.5,28-Jan-2019 - 00:00,"Vindhyachal STPS, Singrauli - MPPCB",2019-01-27,16.5,0.8,12.7,342,76
28-Jan-2019 - 00:00,37.15,15.36,0.7,52.08,31.22,0.0,65.31,149.83,29-Jan-2019 - 00:00,"Vindhyachal STPS, Singrauli - MPPCB",2019-01-28,14.5,0.0,14.0,316,56
29-Jan-2019 - 00:00,37.37,15.78,0.86,53.55,28.47,0.02,90.16,168.27,30-Jan-2019 - 00:00,"Vindhyachal STPS, Singrauli - MPPCB",2019-01-29,12.6,0.0,16.4,296,53
30-Jan-2019 - 00:00,57.21,18.79,1.33,20.25,46.37,0.07,151.09,348.87,31-Jan-2019 - 00:00,"Vindhyachal STPS, Singrauli - MPPCB",2019-01-30,13.5,0.0,10.7,314,51
31-Jan-2019 - 00:00,70.81,19.9,1.64,11.53,78.19,0.08,164.77,328.26,01-Feb-2019 - 00:00,"Vindhyachal STPS, Singrauli - MPPCB",2019-01-31,15.6,0.0,11.3,88,51
01-Feb-2019 - 00:00,43.43,19.77,0.98,36.59,31.7,0.05,103.28,204.82,02-Feb-2019 - 00:00,"Vindhyachal STPS, Singrauli - MPPCB",2019-02-01,18.3,0.0,14.1,105,53
02-Feb-2019 - 00:00,63.91,22.23,1.32,24.14,64.97,0.07,165.08,311.88,03-Feb-2019 - 00:00,"Vindhyachal STPS, Singrauli - MPPCB",2019-02-02,19.3,0.0,11.5,37,55
03-Feb-2019 - 00:00,49.91,23.17,1.26,36.65,50.58,0.06,152.3,277.35,04-Feb-2019 - 00:00,"Vindhyachal STPS, Singrauli - MPPCB",2019-02-03,19.8,0.0,15.8,341,59
04-Feb-2019 - 00:00,63.91,22.6,1.41,28.84,49.63,0.07,177.82,316.35,05-Feb-2019 - 00:00,"Vindhyachal STPS, Singrauli - MPPCB",2019-02-04,19.4,0.0,17.2,333,66
05-Feb-2019 - 00:00,61.32,20.37,1.42,27.62,39.22,0.08,156.83,298.61,06-Feb-2019 - 00:00,"Vindhyachal STPS, Singrauli - MPPCB",2019-02-05,21.0,0.0,17.8,328,59
06-Feb-2019 - 00:00,41.91,20.57,1.26,36.03,36.96,0.05,135.46,281.94,07-Feb-2019 - 00:00,"Vindhyachal STPS, Singrauli - MPPCB",2019-02-06,21.6,0.0,13.4,216,60
07-Feb-2019 - 00:00,42.88,18.91,0.97,37.5,55.71,0.02,119.07,233.12,08-Feb-2019 - 00:00,"Vindhyachal STPS, Singrauli - MPPCB",2019-02-07,22.1,0.0,10.4,119,55
08-Feb-2019 - 00:00,36.82,20.48,1.15,26.66,30.67,0.04,150.12,220.36,09-Feb-2019 - 00:00,"Vindhyachal STPS, Singrauli - MPPCB",2019-02-08,19.9,4.8,12.6,254,71
09-Feb-2019 - 00:00,36.85,14.7,0.59,32.49,36.17,0.02,59.31,179.88,10-Feb-2019 - 00:00,"Vindhyachal STPS, Singrauli - MPPCB",2019-02-09,16.4,0.8,20.8,307,49
10-Feb-2019 - 00:00,51.05,16.42,0.99,21.17,38.77,0.04,96.89,237.73,11-Feb-2019 - 00:00,"Vindhyachal STPS, Singrauli - MPPCB",2019-02-10,15.2,0.0,10.8,338,51
11-Feb-2019 - 00:00,74.01,17.89,1.13,18.33,46.7,0.05,112.25,270.62,12-Feb-2019 - 00:00,"Vindhyachal STPS, Singrauli - MPPCB",2019-02-11,16.7,0.0,11.4,43,58
12-Feb-2019 - 00:00,83.19,19.7,1.34,14.22,64.79,0.06,147.47,321.21,13-Feb-2019 - 00:00,"Vindhyachal STPS, Singrauli - MPPCB",2019-02-12,18.1,0.0,10.7,49,57
13-Feb-2019 - 00:00,85.07,19.71,1.61,19.93,81.47,0.08,167.84,351.3,14-Feb-2019 - 00:00,"Vindhyachal STPS, Singrauli - MPPCB",2019-02-13,19.9,0.0,8.8,47,54
14-Feb-2019 - 00:00,71.51,19.29,1.67,21.49,55.42,0.08,146.16,392.69,15-Feb-2019 - 00:00,"Vindhyachal STPS, Singrauli - MPPCB",2019-02-14,21.6,0.0,16.3,46,49
15-Feb-2019 - 00:00,40.33,17.28,0.85,20.31,40.53,0.01,75.03,178.59,16-Feb-2019 - 00:00,"Vindhyachal STPS, Singrauli - MPPCB",2019-02-15,19.1,6.9,18.4,110,70
16-Feb-2019 - 00:00,25.85,15.51,0.59,36.88,21.22,0.0,49.01,84.77,17-Feb-2019 - 00:00,"Vindhyachal STPS, Singrauli - MPPCB",2019-02-16,19.1,1.4,20.5,291,67
17-Feb-2019 - 00:00,34.25,17.97,0.77,40.22,28.61,0.0,76.8,137.79,18-Feb-2019 - 00:00,"Vindhyachal STPS, Singrauli - MPPCB",2019-02-17,16.6,0.0,18.8,286,59
18-Feb-2019 - 00:00,56.15,17.78,1.18,26.32,30.75,0.04,98.56,198.85,19-Feb-2019 - 00:00,"Vindhyachal STPS, Singrauli - MPPCB",2019-02-18,17.8,0.0,13.0,282,57
19-Feb-2019 - 00:00,52.13,18.19,1.1,27.63,35.83,0.1,96.57,277.16,20-Feb-2019 - 00:00,"Vindhyachal STPS, Singrauli - MPPCB",2019-02-19,21.5,0.0,17.7,278,50
20-Feb-2019 - 00:00,49.84,17.51,1.05,22.46,34.06,0.05,80.61,301.29,21-Feb-2019 - 00:00,"Vindhyachal STPS, Singrauli - MPPCB",2019-02-20,22.7,0.0,9.2,27,52
21-Feb-2019 - 00:00,56.66,19.33,1.08,14.15,62.22,0.06,98.33,270.8,22-Feb-2019 - 00:00,"Vindhyachal STPS, Singrauli - MPPCB",2019-02-21,24.2,0.0,17.7,161,55
22-Feb-2019 - 00:00,36.86,20.28,0.97,35.93,36.73,0.02,98.41,250.0,23-Feb-2019 - 00:00,"Vindhyachal STPS, Singrauli - MPPCB",2019-02-22,26.0,0.0,29.7,285,51
23-Feb-2019 - 00:00,28.96,17.92,0.6,45.01,38.2,0.0,65.35,195.26,24-Feb-2019 - 00:00,"Vindhyachal STPS, Singrauli - MPPCB",2019-02-23,22.5,0.0,22.4,305,59
24-Feb-2019 - 00:00,25.49,14.97,0.58,48.68,30.87,0.01,51.5,265.32,25-Feb-2019 - 00:00,"Vindhyachal STPS, Singrauli - MPPCB",2019-02-24,20.4,1.8,17.4,323,50
25-Feb-2019 - 00:00,48.23,16.42,0.63,28.72,67.09,0.01,57.6,142.36,26-Feb-2019 - 00:00,"Vindhyachal STPS, Singrauli - MPPCB",2019-02-25,20.5,1.5,13.4,55,60
26-Feb-2019 - 00:00,50.31,16.77,0.93,23.99,46.65,0.03,82.09,198.85,27-Feb-2019 - 00:00,"Vindhyachal STPS, Singrauli - MPPCB",2019-02-26,21.6,0.0,15.4,92,47
27-Feb-2019 - 00:00,34.84,17.31,0.84,25.95,29.66,0.02,65.83,195.49,28-Feb-2019 - 00:00,"Vindhyachal STPS, Singrauli - MPPCB",2019-02-27,20.9,0.2,27.4,269,50
28-Feb-2019 - 00:00,21.35,15.37,0.41,42.44,27.84,0.0,36.85,89.37,01-Mar-2019 - 00:00,"Vindhyachal STPS, Singrauli - MPPCB",2019-02-28,18.1,0.4,18.9,322,53
01-Mar-2019 - 00:00,38.64,15.69,0.82,39.1,32.75,0.03,77.21,271.74,02-Mar-2019 - 00:00,"Vindhyachal STPS, Singrauli - MPPCB",2019-03-01,17.4,0.0,14.0,330,40
02-Mar-2019 - 00:00,68.75,17.48,1.01,21.78,65.31,0.04,91.9,240.02,03-Mar-2019 - 00:00,"Vindhyachal STPS, Singrauli - MPPCB",2019-03-02,19.4,0.0,12.3,47,42
03-Mar-2019 - 00:00,40.59,17.76,0.97,35.31,46.85,0.01,82.22,189.2,04-Mar-2019 - 00:00,"Vindhyachal STPS, Singrauli - MPPCB",2019-03-03,18.2,6.8,15.2,64,68
04-Mar-2019 - 00:00,33.81,18.92,0.93,36.93,37.15,0.01,93.52,183.77,05-Mar-2019 - 00:00,"Vindhyachal STPS, Singrauli - MPPCB",2019-03-04,21.0,1.2,18.0,335,68
05-Mar-2019 - 00:00,40.78,18.53,0.94,33.34,44.66,0.03,96.27,225.96,06-Mar-2019 - 00:00,"Vindhyachal STPS, Singrauli - MPPCB",2019-03-05,21.6,0.5,17.3,343,58
06-Mar-2019 - 00:00,27.13,15.05,0.67,36.94,28.17,0.0,58.35,134.59,07-Mar-2019 - 00:00,"Vindhyachal STPS, Singrauli - MPPCB",2019-03-06,20.6,0.0,21.6,319,46
07-Mar-2019 - 00:00,33.42,13.59,0.77,29.51,31.39,0.01,59.96,161.66,08-Mar-2019 - 00:00,"Vindhyachal STPS, Singrauli - MPPCB",2019-03-07,19.6,0.0,14.4,315,42
08-Mar-2019 - 00:00,35.68,12.9,0.9,26.29,34.66,0.01,67.29,210.6,09-Mar-2019 - 00:00,"Vindhyachal STPS, Singrauli - MPPCB",2019-03-08,21.3,0.0,20.3,318,36
09-Mar-2019 - 00:00,39.45,13.91,0.83,34.74,62.45,0.02,79.58,232.67,10-Mar-2019 - 00:00,"Vindhyachal STPS, Singrauli - MPPCB",2019-03-09,23.7,0.0,22.1,292,35
10-Mar-2019 - 00:00,46.32,17.02,0.97,28.79,55.26,0.02,92.92,257.3,11-Mar-2019 - 00:00,"Vindhyachal STPS, Singrauli - MPPCB",2019-03-10,23.7,0.0,15.3,26,42
11-Mar-2019 - 00:00,73.27,17.47,1.37,12.51,59.46,0.05,108.44,298.38,12-Mar-2019 - 00:00,"Vindhyachal STPS, Singrauli - MPPCB",2019-03-11,24.3,0.0,13.0,68,45
12-Mar-2019 - 00:00,31.52,15.58,0.79,32.4,34.62,0.01,74.28,237.0,13-Mar-2019 - 00:00,"Vindhyachal STPS, Singrauli - MPPCB",2019-03-12,26.7,0.0,22.1,293,42
13-Mar-2019 - 00:00,45.9,16.55,0.87,36.74,69.61,0.01,87.6,292.24,14-Mar-2019 - 00:00,"Vindhyachal STPS, Singrauli - MPPCB",2019-03-13,26.3,0.0,14.5,31,42
14-Mar-2019 - 00:00,40.05,17.13,0.69,19.56,67.34,0.0,70.65,128.65,15-Mar-2019 - 00:00,"Vindhyachal STPS, Singrauli - MPPCB",2019-03-14,24.6,3.0,14.4,173,66
15-Mar-2019 - 00:00,40.56,17.42,0.94,18.11,43.74,0.02,88.09,171.16,16-Mar-2019 - 00:00,"Vindhyachal STPS, Singrauli - MPPCB",2019-03-15,23.6,1.8,21.4,267,70
16-Mar-2019 - 00:00,39.59,15.02,0.83,31.62,53.2,0.01,72.92,201.82,17-Mar-2019 - 00:00,"Vindhyachal STPS, Singrauli - MPPCB",2019-03-16,23.8,0.0,13.4,351,46
17-Mar-2019 - 00:00,37.97,16.13,1.0,16.56,32.63,0.01,82.03,169.68,18-Mar-2019 - 00:00,"Vindhyachal STPS, Singrauli - MPPCB",2019-03-17,21.4,7.7,18.0,240,58
18-Mar-2019 - 00:00,38.36,15.09,0.91,26.65,39.21,0.02,57.48,113.35,19-Mar-2019 - 00:00,"Vindhyachal STPS, Singrauli - MPPCB",2019-03-18,22.2,0.3,21.3,251,69
19-Mar-2019 - 00:00,60.16,14.79,1.17,25.65,34.89,0.03,81.37,215.69,20-Mar-2019 - 00:00,"Vindhyachal STPS, Singrauli - MPPCB",2019-03-19,23.0,0.0,15.0,317,45
20-Mar-2019 - 00:00,72.73,16.02,1.33,11.88,79.92,0.04,119.85,320.32,21-Mar-2019 - 00:00,"Vindhyachal STPS, Singrauli - MPPCB",2019-03-20,24.5,0.0,11.6,37,35
21-Mar-2019 - 00:00,20.83,16.54,0.67,46.98,46.27,0.01,59.93,104.89,22-Mar-2019 - 00:00,"Vindhyachal STPS, Singrauli - MPPCB",2019-03-21,25.9,0.1,20.0,217,50
22-Mar-2019 - 00:00,23.14,14.53,0.61,35.85,32.4,0.0,56.42,163.14,23-Mar-2019 - 00:00,"Vindhyachal STPS, Singrauli - MPPCB",2019-03-22,26.7,0.0,21.1,305,41
23-Mar-2019 - 00:00,26.74,12.38,0.57,35.41,28.61,0.0,51.71,175.78,24-Mar-2019 - 00:00,"Vindhyachal STPS, Singrauli - MPPCB",2019-03-23,24.8,0.0,20.3,298,29
24-Mar-2019 - 00:00,29.54,13.3,0.64,29.27,31.19,0.0,56.17,198.26,25-Mar-2019 - 00:00,"Vindhyachal STPS, Singrauli - MPPCB",2019-03-24,25.9,0.0,18.9,312,30
25-Mar-2019 - 00:00,56.99,14.19,1.05,22.24,49.63,0.02,112.16,368.74,26-Mar-2019 - 00:00,"Vindhyachal STPS, Singrauli - MPPCB",2019-03-25,27.8,0.0,11.3,304,32
26-Mar-2019 - 00:00,52.47,14.29,0.86,21.25,69.02,0.01,73.34,248.27,27-Mar-2019 - 00:00,"Vindhyachal STPS, Singrauli - MPPCB",2019-03-26,25.8,0.5,24.4,12,43
27-Mar-2019 - 00:00,48.55,13.73,1.04,33.1,36.29,0.03,72.56,216.19,28-Mar-2019 - 00:00,"Vindhyachal STPS, Singrauli - MPPCB",2019-03-27,25.5,0.0,16.1,325,35
28-Mar-2019 - 00:00,36.52,14.43,0.76,41.32,29.35,0.01,67.83,223.83,29-Mar-2019 - 00:00,"Vindhyachal STPS, Singrauli - MPPCB",2019-03-28,26.5,0.0,16.8,317,32
29-Mar-2019 - 00:00,45.58,15.05,0.98,60.87,30.79,0.01,88.18,262.77,30-Mar-2019 - 00:00,"Vindhyachal STPS, Singrauli - MPPCB",2019-03-29,28.1,0.0,18.7,322,38
30-Mar-2019 - 00:00,49.36,16.06,1.17,46.04,40.0,0.03,103.61,311.79,31-Mar-2019 - 00:00,"Vindhyachal STPS, Singrauli - MPPCB",2019-03-30,29.8,0.0,17.8,317,33
31-Mar-2019 - 00:00,41.78,15.96,1.0,57.28,48.82,0.02,83.73,333.2,01-Apr-2019 - 00:00,"Vindhyachal STPS, Singrauli - MPPCB",2019-03-31,31.2,0.0,22.5,311,25
01-Apr-2019 - 00:00,27.11,13.81,0.66,65.15,29.92,0.01,58.58,219.24,02-Apr-2019 - 00:00,"Vindhyachal STPS, Singrauli - MPPCB",2019-04-01,29.6,0.0,19.4,324,24
02-Apr-2019 - 00:00,61.55,15.53,1.79,9.2,33.35,0.0,91.0,350.0,03-Apr-2019 - 00:00,"Vindhyachal STPS, Singrauli - MPPCB",2019-04-02,28.8,0.0,21.4,306,22
03-Apr-2019 - 00:00,43.93,14.39,1.14,53.81,46.61,0.02,98.92,289.49,04-Apr-2019 - 00:00,"Vindhyachal STPS, Singrauli - MPPCB",2019-04-03,28.8,0.0,17.2,319,23
04-Apr-2019 - 00:00,46.82,15.84,1.15,67.74,44.04,0.02,108.75,349.31,05-Apr-2019 - 00:00,"Vindhyachal STPS, Singrauli - MPPCB",2019-04-04,30.2,0.0,20.2,31,31
05-Apr-2019 - 00:00,45.05,15.76,1.16,61.82,39.02,0.02,110.1,317.53,06-Apr-2019 - 00:00,"Vindhyachal STPS, Singrauli - MPPCB",2019-04-05,30.7,0.0,24.6,18,35
06-Apr-2019 - 00:00,34.93,16.87,0.96,67.55,47.59,0.0,83.51,293.52,07-Apr-2019 - 00:00,"Vindhyachal STPS, Singrauli - MPPCB",2019-04-06,28.8,0.0,31.8,43,45
07-Apr-2019 - 00:00,25.95,14.52,0.7,67.34,55.74,0.0,52.41,194.84,08-Apr-2019 - 00:00,"Vindhyachal STPS, Singrauli - MPPCB",2019-04-07,29.1,0.0,19.8,104,45
08-Apr-2019 - 00:00,24.52,12.61,0.68,73.46,49.55,0.0,52.7,194.47,09-Apr-2019 - 00:00,"Vindhyachal STPS, Singrauli - MPPCB",2019-04-08,29.0,0.1,23.2,352,43
09-Apr-2019 - 00:00,38.21,13.82,1.06,55.53,33.72,0.0,77.22,240.97,10-Apr-2019 - 00:00,"Vindhyachal STPS, Singrauli - MPPCB",2019-04-09,30.2,0.0,26.6,285,39
10-Apr-2019 - 00:00,45.6,14.55,1.01,62.33,46.32,0.02,86.76,322.52,11-Apr-2019 - 00:00,"Vindhyachal STPS, Singrauli - MPPCB",2019-04-10,30.5,0.0,23.9,355,39
11-Apr-2019 - 00:00,36.34,14.68,0.95,68.89,46.41,0.0,85.06,290.1,12-Apr-2019 - 00:00,"Vindhyachal STPS, Singrauli - MPPCB",2019-04-11,30.6,0.0,21.5,15,40
12-Apr-2019 - 00:00,40.67,14.83,1.04,53.12,42.94,0.0,95.13,346.98,13-Apr-2019 - 00:00,"Vindhyachal STPS, Singrauli - MPPCB",2019-04-12,32.1,0.0,21.7,300,29
13-Apr-2019 - 00:00,46.1,18.34,1.49,75.44,56.07,0.02,101.54,307.13,14-Apr-2019 - 00:00,"Vindhyachal STPS, Singrauli - MPPCB",2019-04-13,32.5,0.0,17.4,325,27
14-Apr-2019 - 00:00,54.27,16.72,1.27,45.9,51.92,0.03,95.3,352.73,15-Apr-2019 - 00:00,"Vindhyachal STPS, Singrauli - MPPCB",2019-04-14,33.3,0.0,19.1,349,22
15-Apr-2019 - 00:00,46.84,15.79,1.2,61.31,36.48,0.01,90.47,356.26,16-Apr-2019 - 00:00,"Vindhyachal STPS, Singrauli - MPPCB",2019-04-15,33.4,0.0,20.1,313,23
16-Apr-2019 - 00:00,27.57,15.35,0.76,61.18,34.77,0.0,72.52,294.66,17-Apr-2019 - 00:00,"Vindhyachal STPS, Singrauli - MPPCB",2019-04-16,30.2,0.0,23.8,298,33
17-Apr-2019 - 00:00,32.96,14.12,0.75,34.8,35.8,0.0,45.43,153.58,18-Apr-2019 - 00:00,"Vindhyachal STPS, Singrauli - MPPCB",2019-04-17,23.4,10.6,17.4,26,68
18-Apr-2019 - 00:00,20.01,14.68,0.63,80.34,27.36,0.0,38.32,86.91,19-Apr-2019 - 00:00,"Vindhyachal STPS, Singrauli - MPPCB",2019-04-18,26.9,0.6,15.1,279,53
19-Apr-2019 - 00:00,48.38,15.2,1.05,63.89,36.57,1.81,62.31,189.59,20-Apr-2019 - 00:00,"Vindhyachal STPS, Singrauli - MPPCB",2019-04-19,26.6,0.4,17.7,10,46
20-Apr-2019 - 00:00,47.2,14.52,0.93,64.69,41.29,,78.05,203.78,21-Apr-2019 - 00:00,"Vindhyachal STPS, Singrauli - MPPCB",2019-04-20,27.7,0.0,16.6,275,45
21-Apr-2019 - 00:00,42.13,13.46,0.87,79.58,47.12,20.56,70.82,223.18,22-Apr-2019 - 00:00,"Vindhyachal STPS, Singrauli - MPPCB",2019-04-21,29.7,0.0,20.1,326,34
22-Apr-2019 - 00:00,53.49,13.61,1.18,56.76,32.73,0.0,82.65,263.89,23-Apr-2019 - 00:00,"Vindhyachal STPS, Singrauli - MPPCB",2019-04-22,29.9,0.0,17.7,320,31
23-Apr-2019 - 00:00,49.96,16.06,1.2,60.42,38.13,0.0,90.65,277.45,24-Apr-2019 - 00:00,"Vindhyachal STPS, Singrauli - MPPCB",2019-04-23,30.8,0.0,19.3,324,30
24-Apr-2019 - 00:00,51.38,16.61,1.2,73.92,47.57,0.0,93.23,280.43,25-Apr-2019 - 00:00,"Vindhyachal STPS, Singrauli - MPPCB",2019-04-24,31.4,0.0,17.1,32,39
25-Apr-2019 - 00:00,51.01,16.35,1.26,56.95,41.03,0.0,112.1,336.26,26-Apr-2019 - 00:00,"Vindhyachal STPS, Singrauli - MPPCB",2019-04-25,32.5,0.0,22.5,23,38
26-Apr-2019 - 00:00,45.76,15.32,1.12,67.24,56.19,0.0,113.94,388.52,27-Apr-2019 - 00:00,"Vindhyachal STPS, Singrauli - MPPCB",2019-04-26,34.7,0.0,20.3,296,25
27-Apr-2019 - 00:00,42.26,14.73,1.01,59.24,28.77,0.0,102.82,353.5,28-Apr-2019 - 00:00,"Vindhyachal STPS, Singrauli - MPPCB",2019-04-27,34.5,0.0,23.7,322,21
28-Apr-2019 - 00:00,39.07,13.85,1.09,61.79,30.41,0.0,104.64,398.49,29-Apr-2019 - 00:00,"Vindhyachal STPS, Singrauli - MPPCB",2019-04-28,34.8,0.0,22.3,315,18
29-Apr-2019 - 00:00,37.33,13.99,0.86,64.55,32.05,0.0,83.79,322.86,30-Apr-2019 - 00:00,"Vindhyachal STPS, Singrauli - MPPCB",2019-04-29,34.6,0.0,19.5,310,18
30-Apr-2019 - 00:00,62.65,15.59,1.19,51.82,51.21,0.0,123.78,449.65,01-May-2019 - 00:00,"Vindhyachal STPS, Singrauli - MPPCB",2019-04-30,35.1,0.0,15.3,117,22
01-May-2019 - 00:00,15.72,13.58,0.64,91.6,29.68,0.0,57.25,160.96,02-May-2019 - 00:00,"Vindhyachal STPS, Singrauli - MPPCB",2019-05-01,35.4,0.0,17.0,219,24
02-May-2019 - 00:00,17.3,12.36,0.64,80.21,48.08,0.0,47.1,113.5,03-May-2019 - 00:00,"Vindhyachal STPS, Singrauli - MPPCB",2019-05-02,33.6,0.0,26.0,159,38
03-May-2019 - 00:00,33.94,12.22,0.74,47.66,54.01,0.0,48.5,166.23,04-May-2019 - 00:00,"Vindhyachal STPS, Singrauli - MPPCB",2019-05-03,31.2,4.7,24.1,101,52
04-May-2019 - 00:00,49.81,13.45,1.11,39.96,61.53,0.0,63.63,165.97,05-May-2019 - 00:00,"Vindhyachal STPS, Singrauli - MPPCB",2019-05-04,29.4,0.0,29.2,267,54
05-May-2019 - 00:00,34.61,13.46,0.82,98.67,33.37,0.0,52.71,180.2,06-May-2019 - 00:00,"Vindhyachal STPS, Singrauli - MPPCB",2019-05-05,31.5,0.0,22.6,282,35
06-May-2019 - 00:00,45.73,13.57,1.1,68.17,32.37,0.0,81.54,244.66,07-May-2019 - 00:00,"Vindhyachal STPS, Singrauli - MPPCB",2019-05-06,32.3,0.0,21.2,279,18
07-May-2019 - 00:00,50.31,14.83,1.08,64.01,39.53,0.0,86.73,370.09,08-May-2019 - 00:00,"Vindhyachal STPS, Singrauli - MPPCB",2019-05-07,33.2,0.0,21.9,294,16
08-May-2019 - 00:00,33.76,13.71,0.77,55.64,32.95,0.0,78.76,356.16,09-May-2019 - 00:00,"Vindhyachal STPS, Singrauli - MPPCB",2019-05-08,34.1,0.0,26.3,285,16
09-May-2019 - 00:00,38.4,12.87,0.86,57.92,35.44,0.0,75.64,366.3,10-May-2019 - 00:00,"Vindhyachal STPS, Singrauli - MPPCB",2019-05-09,34.7,0.0,25.0,285,16
10-May-2019 - 00:00,29.81,12.02,0.67,71.97,30.55,0.0,62.83,310.35,11-May-2019 - 00:00,"Vindhyachal STPS, Singrauli - MPPCB",2019-05-10,34.3,0.0,19.9,289,16
11-May-2019 - 00:00,46.16,14.62,1.09,46.45,36.0,0.0,84.01,348.39,12-May-2019 - 00:00,"Vindhyachal STPS, Singrauli - MPPCB",2019-05-11,33.6,0.0,20.3,290,23
12-May-2019 - 00:00,31.53,14.13,0.86,85.31,35.88,0.0,69.83,237.68,13-May-2019 - 00:00,"Vindhyachal STPS, Singrauli - MPPCB",2019-05-12,34.1,0.0,19.0,296,23
13-May-2019 - 00:00,29.48,13.96,0.75,83.99,33.25,0.0,58.82,202.37,14-May-2019 - 00:00,"Vindhyachal STPS, Singrauli - MPPCB",2019-05-13,33.0,0.0,16.6,337,25
14-May-2019 - 00:00,24.09,13.85,0.67,87.32,42.06,0.0,53.41,198.0,15-May-2019 - 00:00,"Vindhyachal STPS, Singrauli - MPPCB",2019-05-14,33.3,0.0,21.1,301,25
15-May-2019 - 00:00,33.13,13.76,0.84,82.39,42.83,0.0,68.7,283.53,16-May-2019 - 00:00,"Vindhyachal STPS, Singrauli - MPPCB",2019-05-15,33.7,0.0,23.2,330,26
16-May-2019 - 00:00,84.74,15.8,1.57,44.5,115.35,0.0,127.16,401.59,17-May-2019 - 00:00,"Vindhyachal STPS, Singrauli - MPPCB",2019-05-16,33.9,0.0,17.7,346,27
17-May-2019 - 00:00,51.23,14.53,1.24,59.52,60.18,0.0,92.62,398.7,18-May-2019 - 00:00,"Vindhyachal STPS, Singrauli - MPPCB",2019-05-17,34.6,0.0,20.5,334,26
18-May-2019 - 00:00,24.39,13.28,0.88,77.7,39.27,0.0,101.6,301.53,19-May-2019 - 00:00,"Vindhyachal STPS, Singrauli - MPPCB",2019-05-18,33.7,0.0,22.0,299,25
19-May-2019 - 00:00,29.86,12.92,0.75,71.78,35.43,0.0,75.12,222.85,20-May-2019 - 00:00,"Vindhyachal STPS, Singrauli - MPPCB",2019-05-19,32.7,0.0,19.8,306,29
20-May-2019 - 00:00,38.04,14.26,0.98,79.73,40.95,0.0,102.46,341.15,21-May-2019 - 00:00,"Vindhyachal STPS, Singrauli - MPPCB",2019-05-20,33.9,0.0,17.4,320,26
21-May-2019 - 00:00,60.59,14.11,1.14,58.79,51.49,0.0,105.75,331.1,22-May-2019 - 00:00,"Vindhyachal STPS, Singrauli - MPPCB",2019-05-21,34.8,0.0,15.3,340,22
22-May-2019 - 00:00,69.97,15.75,1.32,54.36,88.3,0.0,128.5,355.03,23-May-2019 - 00:00,"Vindhyachal STPS, Singrauli - MPPCB",2019-05-22,35.4,0.0,19.6,252,23
23-May-2019 - 00:00,31.58,14.08,0.98,81.32,44.73,0.0,79.76,269.35,24-May-2019 - 00:00,"Vindhyachal STPS, Singrauli - MPPCB",2019-05-23,35.1,0.0,21.2,37,29
24-May-2019 - 00:00,35.65,13.46,0.92,79.38,37.91,7.54,80.46,264.02,25-May-2019 - 00:00,"Vindhyachal STPS, Singrauli - MPPCB",2019-05-24,36.0,0.0,18.6,313,30
25-May-2019 - 00:00,30.44,13.31,0.88,83.62,36.19,0.0,68.84,305.9,26-May-2019 - 00:00,"Vindhyachal STPS, Singrauli - MPPCB",2019-05-25,34.6,0.0,20.8,319,33
26-May-2019 - 00:00,46.31,13.5,1.21,53.69,36.96,0.0,94.15,353.14,27-May-2019 - 00:00,"Vindhyachal STPS, Singrauli - MPPCB",2019-05-26,34.3,0.0,20.9,322,25
27-May-2019 - 00:00,41.38,13.71,1.09,65.22,39.94,0.0,88.19,365.22,28-May-2019 - 00:00,"Vindhyachal STPS, Singrauli - MPPCB",2019-05-27,35.2,0.0,20.4,326,22
28-May-2019 - 00:00,52.07,15.86,1.41,29.95,44.85,0.0,103.62,363.36,29-May-2019 - 00:00,"Vindhyachal STPS, Singrauli - MPPCB",2019-05-28,35.7,0.0,16.9,329,20
29-May-2019 - 00:00,44.14,16.7,1.15,29.49,49.66,0.0,86.61,345.43,30-May-2019 - 00:00,"Vindhyachal STPS, Singrauli - MPPCB",2019-05-29,35.0,0.0,19.4,309,22
30-May-2019 - 00:00,56.68,18.87,1.26,27.49,47.21,0.0,159.1,359.21,31-May-2019 - 00:00,"Vindhyachal STPS, Singrauli - MPPCB",2019-05-30,35.4,0.0,23.3,296,21
31-May-2019 - 00:00,44.46,19.83,1.19,29.11,44.9,0.0,103.32,356.35,01-Jun-2019 - 00:00,"Vindhyachal STPS, Singrauli - MPPCB",2019-05-31,35.8,0.0,19.2,287,22
01-Jun-2019 - 00:00,37.38,18.64,1.3,27.77,42.22,0.0,89.3,279.26,02-Jun-2019 - 00:00,"Vindhyachal STPS, Singrauli - MPPCB",2019-06-01,34.6,0.0,13.5,242,34
02-Jun-2019 - 00:00,28.63,19.37,1.01,35.17,65.63,0.0,82.97,275.1,03-Jun-2019 - 00:00,"Vindhyachal STPS, Singrauli - MPPCB",2019-06-02,36.0,0.0,18.4,215,30
03-Jun-2019 - 00:00,44.96,19.67,0.9,33.16,71.19,0.0,60.67,145.12,04-Jun-2019 - 00:00,"Vindhyachal STPS, Singrauli - MPPCB",2019-06-03,34.4,0.0,16.8,107,41
04-Jun-2019 - 00:00,34.43,19.49,1.08,37.05,43.84,0.0,77.18,208.58,05-Jun-2019 - 00:00,"Vindhyachal STPS, Singrauli - MPPCB",2019-06-04,34.6,0.0,16.4,339,43
05-Jun-2019 - 00:00,27.93,19.81,1.05,38.57,50.26,0.0,88.38,240.2,06-Jun-2019 - 00:00,"Vindhyachal STPS, Singrauli - MPPCB",2019-06-05,35.0,0.0,20.8,19,42
06-Jun-2019 - 00:00,31.99,23.47,1.01,34.14,57.5,3.74,103.41,194.81,07-Jun-2019 - 00:00,"Vindhyachal STPS, Singrauli - MPPCB",2019-06-06,34.8,0.0,18.1,57,45
07-Jun-2019 - 00:00,41.11,20.68,1.05,28.67,62.86,1.99,76.32,184.57,08-Jun-2019 - 00:00,"Vindhyachal STPS, Singrauli - MPPCB",2019-06-07,34.2,0.0,15.5,48,44
08-Jun-2019 - 00:00,35.98,16.65,1.04,32.59,41.73,3.2,87.34,224.52,09-Jun-2019 - 00:00,"Vindhyachal STPS, Singrauli - MPPCB",2019-06-08,34.9,0.0,18.9,354,38
09-Jun-2019 - 00:00,50.73,18.61,1.42,28.8,45.05,3.2,129.78,357.88,10-Jun-2019 - 00:00,"Vindhyachal STPS, Singrauli - MPPCB",2019-06-09,35.5,0.0,19.9,353,27
10-Jun-2019 - 00:00,54.47,19.1,1.21,28.49,44.59,3.2,162.79,390.47,11-Jun-2019 - 00:00,"Vindhyachal STPS, Singrauli - MPPCB",2019-06-10,37.1,0.0,19.7,312,23
11-Jun-2019 - 00:00,31.58,20.21,0.88,34.6,39.36,3.2,91.68,282.39,12-Jun-2019 - 00:00,"Vindhyachal STPS, Singrauli - MPPCB",2019-06-11,37.0,0.0,19.8,22,28
12-Jun-2019 - 00:00,22.72,21.18,0.93,38.7,55.92,3.36,72.82,246.15,13-Jun-2019 - 00:00,"Vindhyachal STPS, Singrauli - MPPCB",2019-06-12,36.1,0.0,15.7,46,40
13-Jun-2019 - 00:00,21.26,20.32,0.8,37.64,41.11,0.0,43.5,143.51,14-Jun-2019 - 00:00,"Vindhyachal STPS, Singrauli - MPPCB",2019-06-13,35.0,0.3,22.1,278,45
14-Jun-2019 - 00:00,24.55,18.84,0.8,31.62,35.39,0.0,33.12,104.34,15-Jun-2019 - 00:00,"Vindhyachal STPS, Singrauli - MPPCB",2019-06-14,32.7,1.7,15.3,271,53
15-Jun-2019 - 00:00,19.38,28.84,0.62,36.41,24.95,0.0,31.9,90.32,16-Jun-2019 - 00:00,"Vindhyachal STPS, Singrauli - MPPCB",2019-06-15,34.7,0.0,23.9,264,45
16-Jun-2019 - 00:00,23.8,40.49,0.64,34.08,27.83,0.0,38.94,165.62,17-Jun-2019 - 00:00,"Vindhyachal STPS, Singrauli - MPPCB",2019-06-16,34.2,0.1,29.5,278,45
17-Jun-2019 - 00:00,35.09,37.42,0.48,27.09,37.72,0.0,35.27,129.46,18-Jun-2019 - 00:00,"Vindhyachal STPS, Singrauli - MPPCB",2019-06-17,32.3,0.5,24.4,286,53
18-Jun-2019 - 00:00,81.46,40.84,1.05,18.0,54.33,0.0,51.6,157.19,19-Jun-2019 - 00:00,"Vindhyachal STPS, Singrauli - MPPCB",2019-06-18,32.5,0.7,21.7,298,52
19-Jun-2019 - 00:00,105.65,47.49,1.19,23.54,56.51,0.0,65.44,194.44,20-Jun-2019 - 00:00,"Vindhyachal STPS, Singrauli - MPPCB",2019-06-19,32.2,0.1,19.6,253,52
20-Jun-2019 - 00:00,54.69,49.87,0.8,23.79,48.01,0.0,42.01,88.43,21-Jun-2019 - 00:00,"Vindhyachal STPS, Singrauli - MPPCB",2019-06-20,31.7,1.8,14.5,236,62
21-Jun-2019 - 00:00,61.36,48.61,0.9,28.24,59.66,0.0,52.26,141.05,22-Jun-2019 - 00:00,"Vindhyachal STPS, Singrauli - MPPCB",2019-06-21,32.3,0.5,15.3,59,57
22-Jun-2019 - 00:00,34.1,38.54,0.82,18.69,30.33,0.0,18.78,36.59,23-Jun-2019 - 00:00,"Vindhyachal STPS, Singrauli - MPPCB",2019-06-22,26.9,21.8,13.9,47,85
23-Jun-2019 - 00:00,28.87,44.09,0.62,25.23,53.23,0.0,18.03,35.03,24-Jun-2019 - 00:00,"Vindhyachal STPS, Singrauli - MPPCB",2019-06-23,28.0,8.0,15.8,131,79
24-Jun-2019 - 00:00,20.98,39.11,0.66,39.08,36.88,0.0,41.77,62.68,25-Jun-2019 - 00:00,"Vindhyachal STPS, Singrauli - MPPCB",2019-06-24,29.9,0.6,11.9,177,71
25-Jun-2019 - 00:00,46.66,35.67,0.8,30.22,31.24,0.0,41.31,70.45,26-Jun-2019 - 00:00,"Vindhyachal STPS, Singrauli - MPPCB",2019-06-25,32.1,0.1,15.3,206,59
26-Jun-2019 - 00:00,30.46,29.88,0.71,33.91,35.15,0.0,31.19,62.61,27-Jun-2019 - 00:00,"Vindhyachal STPS, Singrauli - MPPCB",2019-06-26,32.2,6.3,18.6,234,59
27-Jun-2019 - 00:00,24.34,35.81,0.66,30.64,25.23,0.0,25.03,54.0,28-Jun-2019 - 00:00,"Vindhyachal STPS, Singrauli - MPPCB",2019-06-27,30.5,1.1,17.0,243,71
28-Jun-2019 - 00:00,37.54,37.32,0.93,36.15,30.0,0.0,41.39,110.33,29-Jun-2019 - 00:00,"Vindhyachal STPS, Singrauli - MPPCB",2019-06-28,31.7,0.1,20.2,263,61
29-Jun-2019 - 00:00,50.12,33.12,0.75,29.39,35.18,0.0,40.88,90.98,30-Jun-2019 - 00:00,"Vindhyachal STPS, Singrauli - MPPCB",2019-06-29,32.5,0.0,17.1,248,54
30-Jun-2019 - 00:00,58.02,40.49,0.88,32.1,55.49,0.0,50.97,143.06,01-Jul-2019 - 00:00,"Vindhyachal STPS, Singrauli - MPPCB",2019-06-30,32.2,2.3,16.2,221,58
01-Jul-2019 - 00:00,48.85,38.68,0.8,45.07,57.83,0.0,48.76,130.5,02-Jul-2019 - 00:00,"Vindhyachal STPS, Singrauli - MPPCB",2019-07-01,30.7,13.8,11.0,318,67
02-Jul-2019 - 00:00,49.82,34.62,0.78,19.3,48.13,0.0,21.98,58.13,03-Jul-2019 - 00:00,"Vindhyachal STPS, Singrauli - MPPCB",2019-07-02,27.6,33.2,14.0,36,84
03-Jul-2019 - 00:00,64.19,30.41,0.86,17.54,73.06,0.0,17.22,34.78,04-Jul-2019 - 00:00,"Vindhyachal STPS, Singrauli - MPPCB",2019-07-03,27.8,5.3,21.6,96,82
04-Jul-2019 - 00:00,34.12,30.82,0.69,22.66,42.23,0.0,12.54,38.96,05-Jul-2019 - 00:00,"Vindhyachal STPS, Singrauli - MPPCB",2019-07-04,28.5,1.2,10.2,169,81
05-Jul-2019 - 00:00,58.7,36.86,0.69,22.23,73.08,4.05,27.76,61.36,06-Jul-2019 - 00:00,"Vindhyachal STPS, Singrauli - MPPCB",2019-07-05,28.5,6.1,12.7,164,81
06-Jul-2019 - 00:00,45.43,34.22,0.95,16.95,58.51,0.0,34.42,56.55,07-Jul-2019 - 00:00,"Vindhyachal STPS, Singrauli - MPPCB",2019-07-06,27.2,17.0,12.5,242,88
07-Jul-2019 - 00:00,18.66,31.63,0.79,15.9,27.67,0.0,11.62,24.75,08-Jul-2019 - 00:00,"Vindhyachal STPS, Singrauli - MPPCB",2019-07-07,25.9,51.4,18.4,270,92
08-Jul-2019 - 00:00,15.34,34.05,0.5,18.71,25.01,0.0,9.65,20.41,09-Jul-2019 - 00:00,"Vindhyachal STPS, Singrauli - MPPCB",2019-07-08,25.6,53.9,20.8,269,93
09-Jul-2019 - 00:00,13.38,29.07,0.47,14.75,14.41,0.0,15.52,31.98,10-Jul-2019 - 00:00,"Vindhyachal STPS, Singrauli - MPPCB",2019-07-09,25.8,31.9,26.3,251,91
10-Jul-2019 - 00:00,17.76,27.58,1.32,16.03,22.69,0.0,16.59,34.13,11-Jul-2019 - 00:00,"Vindhyachal STPS, Singrauli - MPPCB",2019-07-10,25.5,41.6,26.6,247,92
11-Jul-2019 - 00:00,41.26,30.01,1.45,12.97,25.17,7.77,41.0,101.3,12-Jul-2019 - 00:00,"Vindhyachal STPS, Singrauli - MPPCB",2019-07-11,26.4,27.7,22.5,241,88
12-Jul-2019 - 00:00,34.24,38.75,1.34,12.13,24.16,1.74,38.04,99.4,13-Jul-2019 - 00:00,"Vindhyachal STPS, Singrauli - MPPCB",2019-07-12,28.5,0.0,20.8,246,75
13-Jul-2019 - 00:00,28.5,46.61,1.14,13.37,22.67,0.0,34.41,103.46,14-Jul-2019 - 00:00,"Vindhyachal STPS, Singrauli - MPPCB",2019-07-13,28.8,0.0,25.1,251,72
14-Jul-2019 - 00:00,29.03,44.57,1.19,17.44,32.46,0.0,34.58,96.25,15-Jul-2019 - 00:00,"Vindhyachal STPS, Singrauli - MPPCB",2019-07-14,29.2,0.5,24.9,257,69
15-Jul-2019 - 00:00,35.14,37.6,1.22,17.25,28.76,0.0,39.33,123.23,16-Jul-2019 - 00:00,"Vindhyachal STPS, Singrauli - MPPCB",2019-07-15,29.4,0.0,18.8,259,66
16-Jul-2019 - 00:00,56.73,32.79,1.16,15.11,29.95,0.0,45.64,150.57,17-Jul-2019 - 00:00,"Vindhyachal STPS, Singrauli - MPPCB",2019-07-16,29.2,0.0,14.2,273,68
17-Jul-2019 - 00:00,56.7,32.16,0.92,14.02,42.06,0.0,43.41,144.11,18-Jul-2019 - 00:00,"Vindhyachal STPS, Singrauli - MPPCB",2019-07-17,29.4,0.8,11.2,296,72
18-Jul-2019 - 00:00,80.58,35.41,1.02,15.09,57.75,0.0,55.64,163.36,19-Jul-2019 - 00:00,"Vindhyachal STPS, Singrauli - MPPCB",2019-07-18,29.5,6.1,10.9,344,76
19-Jul-2019 - 00:00,61.49,36.44,1.24,15.98,44.43,0.0,58.86,171.89,20-Jul-2019 - 00:00,"Vindhyachal STPS, Singrauli - MPPCB",2019-07-19,29.3,11.2,12.5,53,79
20-Jul-2019 - 00:00,56.15,32.39,1.06,14.13,39.57,0.0,35.18,101.87,21-Jul-2019 - 00:00,"Vindhyachal STPS, Singrauli - MPPCB",2019-07-20,29.4,2.7,12.9,124,80
21-Jul-2019 - 00:00,28.14,34.25,0.62,23.33,44.07,0.0,35.16,69.47,22-Jul-2019 - 00:00,"Vindhyachal STPS, Singrauli - MPPCB",2019-07-21,29.9,0.4,10.1,165,75
22-Jul-2019 - 00:00,39.76,26.92,0.8,20.82,33.82,0.0,34.39,88.66,23-Jul-2019 - 00:00,"Vindhyachal STPS, Singrauli - MPPCB",2019-07-22,29.4,5.0,13.9,221,78
23-Jul-2019 - 00:00,37.39,25.34,0.79,17.53,19.68,0.0,27.84,54.82,24-Jul-2019 - 00:00,"Vindhyachal STPS, Singrauli - MPPCB",2019-07-23,30.3,1.5,16.2,236,70
24-Jul-2019 - 00:00,31.53,25.14,0.86,17.01,23.11,0.0,23.15,57.02,25-Jul-2019 - 00:00,"Vindhyachal STPS, Singrauli - MPPCB",2019-07-24,28.7,8.6,17.5,227,80
25-Jul-2019 - 00:00,25.43,25.34,0.66,19.65,25.58,0.0,10.0,23.43,26-Jul-2019 - 00:00,"Vindhyachal STPS, Singrauli - MPPCB",2019-07-25,27.1,30.9,14.0,215,88
26-Jul-2019 - 00:00,23.63,25.61,0.7,15.64,24.35,0.0,14.33,28.9,27-Jul-2019 - 00:00,"Vindhyachal STPS, Singrauli - MPPCB",2019-07-26,27.0,10.2,14.2,235,86
27-Jul-2019 - 00:00,33.85,24.48,0.6,15.38,24.71,0.0,21.54,47.86,28-Jul-2019 - 00:00,"Vindhyachal STPS, Singrauli - MPPCB",2019-07-27,25.7,32.1,30.4,161,92
28-Jul-2019 - 00:00,38.15,24.03,0.62,11.5,22.72,0.0,16.17,27.92,29-Jul-2019 - 00:00,"Vindhyachal STPS, Singrauli - MPPCB",2019-07-28,26.5,15.5,18.8,89,89
29-Jul-2019 - 00:00,29.04,37.25,0.82,9.57,25.02,0.0,11.88,38.52,30-Jul-2019 - 00:00,"Vindhyachal STPS, Singrauli - MPPCB",2019-07-29,27.1,3.4,24.1,78,84
30-Jul-2019 - 00:00,32.73,31.82,0.63,9.51,44.22,0.0,9.4,28.14,31-Jul-2019 - 00:00,"Vindhyachal STPS, Singrauli - MPPCB",2019-07-30,26.6,3.5,16.3,128,82
31-Jul-2019 - 00:00,16.1,24.2,0.61,9.27,34.52,0.0,6.05,17.04,01-Aug-2019 - 00:00,"Vindhyachal STPS, Singrauli - MPPCB",2019-07-31,27.0,2.2,13.3,155,84
01-Aug-2019 - 00:00,24.64,17.01,0.63,9.62,34.65,0.0,15.36,34.28,02-Aug-2019 - 00:00,"Vindhyachal STPS, Singrauli - MPPCB",2019-08-01,26.6,18.0,9.5,185,89
02-Aug-2019 - 00:00,44.5,13.47,0.75,13.42,32.64,0.0,27.11,52.37,03-Aug-2019 - 00:00,"Vindhyachal STPS, Singrauli - MPPCB",2019-08-02,27.4,14.3,14.1,130,86
03-Aug-2019 - 00:00,51.2,42.41,0.82,16.9,35.08,0.0,35.07,57.61,04-Aug-2019 - 00:00,"Vindhyachal STPS, Singrauli - MPPCB",2019-08-03,27.5,5.7,10.8,125,87
04-Aug-2019 - 00:00,39.94,49.59,0.6,9.3,,0.0,31.46,100.58,05-Aug-2019 - 00:00,"Vindhyachal STPS, Singrauli - MPPCB",2019-08-04,27.6,5.5,12.1,260,86
05-Aug-2019 - 00:00,127.39,42.8,1.9,8.47,35.81,0.08,83.05,171.0,06-Aug-2019 - 00:00,"Vindhyachal STPS, Singrauli - MPPCB",2019-08-05,27.2,39.1,9.9,240,87
06-Aug-2019 - 00:00,48.03,40.63,0.72,26.36,45.32,0.02,26.09,55.03,07-Aug-2019 - 00:00,"Vindhyachal STPS, Singrauli - MPPCB",2019-08-06,27.3,31.5,13.8,325,89
07-Aug-2019 - 00:00,56.64,38.87,1.05,21.69,56.7,0.02,18.21,29.38,08-Aug-2019 - 00:00,"Vindhyachal STPS, Singrauli - MPPCB",2019-08-07,26.8,12.3,15.4,28,89
08-Aug-2019 - 00:00,40.47,28.52,,22.19,45.14,0.0,13.15,24.23,09-Aug-2019 - 00:00,"Vindhyachal STPS, Singrauli - MPPCB",2019-08-08,26.1,9.4,28.0,69,90
09-Aug-2019 - 00:00,28.37,22.88,,32.42,49.04,0.0,12.92,29.95,10-Aug-2019 - 00:00,"Vindhyachal STPS, Singrauli - MPPCB",2019-08-09,26.9,1.8,22.8,150,80
10-Aug-2019 - 00:00,33.85,21.45,,39.55,24.09,0.0,20.72,41.86,11-Aug-2019 - 00:00,"Vindhyachal STPS, Singrauli - MPPCB",2019-08-10,27.5,0.9,11.6,246,82
11-Aug-2019 - 00:00,35.35,19.12,,35.91,32.01,0.0,17.79,36.51,12-Aug-2019 - 00:00,"Vindhyachal STPS, Singrauli - MPPCB",2019-08-11,26.8,12.9,12.5,282,87
12-Aug-2019 - 00:00,31.86,19.57,,31.92,41.39,0.0,19.07,43.42,13-Aug-2019 - 00:00,"Vindhyachal STPS, Singrauli - MPPCB",2019-08-12,27.0,7.9,15.3,296,88
13-Aug-2019 - 00:00,50.8,18.24,,33.09,53.17,0.0,18.26,31.93,14-Aug-2019 - 00:00,"Vindhyachal STPS, Singrauli - MPPCB",2019-08-13,26.2,24.0,14.7,352,90
14-Aug-2019 - 00:00,33.07,16.56,,32.49,43.17,0.0,14.83,23.82,15-Aug-2019 - 00:00,"Vindhyachal STPS, Singrauli - MPPCB",2019-08-14,26.1,24.1,18.0,89,91
15-Aug-2019 - 00:00,,,,,,,,,16-Aug-2019 - 00:00,"Vindhyachal STPS, Singrauli - MPPCB",2019-08-15,27.3,4.8,18.0,195,80
16-Aug-2019 - 00:00,,,,,,,,,17-Aug-2019 - 00:00,"Vindhyachal STPS, Singrauli - MPPCB",2019-08-16,27.9,0.5,13.5,219,77
17-Aug-2019 - 00:00,30.47,16.8,,12.51,20.49,0.01,24.88,66.88,18-Aug-2019 - 00:00,"Vindhyachal STPS, Singrauli - MPPCB",2019-08-17,27.8,7.6,11.4,248,80
18-Aug-2019 - 00:00,36.44,14.83,,9.91,18.75,0.0,11.62,39.0,19-Aug-2019 - 00:00,"Vindhyachal STPS, Singrauli - MPPCB",2019-08-18,26.8,16.4,10.2,292,86
19-Aug-2019 - 00:00,39.64,17.27,,31.07,43.36,0.0,16.83,24.52,20-Aug-2019 - 00:00,"Vindhyachal STPS, Singrauli - MPPCB",2019-08-19,25.6,23.0,11.0,297,92
20-Aug-2019 - 00:00,51.85,16.43,0.86,33.4,34.65,0.0,21.77,27.75,21-Aug-2019 - 00:00,"Vindhyachal STPS, Singrauli - MPPCB",2019-08-20,24.9,37.1,15.5,288,95
21-Aug-2019 - 00:00,37.19,17.93,0.77,34.95,37.0,0.0,22.91,37.05,22-Aug-2019 - 00:00,"Vindhyachal STPS, Singrauli - MPPCB",2019-08-21,25.8,8.6,15.6,262,90
22-Aug-2019 - 00:00,75.06,16.71,0.88,23.07,68.14,0.02,37.5,64.44,23-Aug-2019 - 00:00,"Vindhyachal STPS, Singrauli - MPPCB",2019-08-22,26.6,7.0,11.6,216,87
23-Aug-2019 - 00:00,57.93,16.14,0.88,26.97,32.01,0.04,36.59,59.73,24-Aug-2019 - 00:00,"Vindhyachal STPS, Singrauli - MPPCB",2019-08-23,26.1,32.7,11.2,338,90
24-Aug-2019 - 00:00,60.07,14.0,0.84,18.06,44.83,0.02,21.77,45.72,25-Aug-2019 - 00:00,"Vindhyachal STPS, Singrauli - MPPCB",2019-08-24,25.8,20.1,10.0,73,91
25-Aug-2019 - 00:00,27.55,14.74,0.65,30.64,41.89,0.0,15.0,38.62,26-Aug-2019 - 00:00,"Vindhyachal STPS, Singrauli - MPPCB",2019-08-25,25.4,20.9,17.7,85,92
26-Aug-2019 - 00:00,50.34,16.67,0.83,29.64,44.8,0.02,29.73,67.35,27-Aug-2019 - 00:00,"Vindhyachal STPS, Singrauli - MPPCB",2019-08-26,25.9,11.9,16.2,96,90
27-Aug-2019 - 00:00,27.24,16.22,0.6,34.62,36.77,0.0,17.2,33.55,28-Aug-2019 - 00:00,"Vindhyachal STPS, Singrauli - MPPCB",2019-08-27,26.1,22.1,13.8,101,90
28-Aug-2019 - 00:00,53.82,16.31,0.77,24.86,48.49,0.02,38.96,56.73,29-Aug-2019 - 00:00,"Vindhyachal STPS, Singrauli - MPPCB",2019-08-28,26.8,9.0,10.5,170,88
29-Aug-2019 - 00:00,55.56,14.55,0.78,22.89,48.38,0.02,19.46,46.9,30-Aug-2019 - 00:00,"Vindhyachal STPS, Singrauli - MPPCB",2019-08-29,26.8,10.8,14.1,45,87
30-Aug-2019 - 00:00,79.19,13.77,0.82,19.47,58.39,0.03,28.15,89.46,31-Aug-2019 - 00:00,"Vindhyachal STPS, Singrauli - MPPCB",2019-08-30,27.3,6.5,10.0,61,89
31-Aug-2019 - 00:00,48.11,13.01,0.77,18.96,40.39,0.01,35.93,78.33,01-Sep-2019 - 00:00,"Vindhyachal STPS, Singrauli - MPPCB",2019-08-31,27.7,15.2,12.2,114,86
01-Sep-2019 - 00:00,53.13,13.75,0.77,22.3,55.94,0.02,35.67,86.06,02-Sep-2019 - 00:00,"Vindhyachal STPS, Singrauli - MPPCB",2019-09-01,28.0,2.9,11.2,116,86
02-Sep-2019 - 00:00,77.05,12.09,0.87,16.12,44.23,0.04,36.45,103.16,03-Sep-2019 - 00:00,"Vindhyachal STPS, Singrauli - MPPCB",2019-09-02,27.6,6.5,11.2,25,89
03-Sep-2019 - 00:00,67.21,14.69,0.81,17.08,41.18,0.03,41.17,68.83,04-Sep-2019 - 00:00,"Vindhyachal STPS, Singrauli - MPPCB",2019-09-03,26.8,17.3,11.2,16,89
04-Sep-2019 - 00:00,45.63,13.51,0.69,22.5,42.79,0.01,27.41,51.29,05-Sep-2019 - 00:00,"Vindhyachal STPS, Singrauli - MPPCB",2019-09-04,26.8,15.2,14.0,62,90
05-Sep-2019 - 00:00,38.38,13.1,0.65,26.54,30.34,0.0,25.89,46.16,06-Sep-2019 - 00:00,"Vindhyachal STPS, Singrauli - MPPCB",2019-09-05,27.5,10.4,15.9,80,86
06-Sep-2019 - 00:00,53.19,13.38,0.64,23.08,39.21,0.01,23.49,59.59,07-Sep-2019 - 00:00,"Vindhyachal STPS, Singrauli - MPPCB",2019-09-06,27.8,2.8,16.2,67,83
07-Sep-2019 - 00:00,58.23,12.91,0.6,20.7,48.25,0.01,22.26,63.97,08-Sep-2019 - 00:00,"Vindhyachal STPS, Singrauli - MPPCB",2019-09-07,27.3,15.2,14.2,58,87
08-Sep-2019 - 00:00,61.39,13.61,0.64,19.89,63.88,0.0,21.9,31.52,09-Sep-2019 - 00:00,"Vindhyachal STPS, Singrauli - MPPCB",2019-09-08,26.6,13.8,21.7,59,90
09-Sep-2019 - 00:00,9.71,12.09,0.52,27.31,36.22,0.0,10.36,18.24,10-Sep-2019 - 00:00,"Vindhyachal STPS, Singrauli - MPPCB",2019-09-09,27.4,1.9,13.7,141,85
10-Sep-2019 - 00:00,34.19,12.94,0.62,23.69,44.88,0.0,24.49,35.88,11-Sep-2019 - 00:00,"Vindhyachal STPS, Singrauli - MPPCB",2019-09-10,26.8,6.7,10.5,213,88
11-Sep-2019 - 00:00,35.89,12.31,0.63,24.3,56.06,0.0,17.95,30.75,12-Sep-2019 - 00:00,"Vindhyachal STPS, Singrauli - MPPCB",2019-09-11,26.8,14.6,15.1,220,88
12-Sep-2019 - 00:00,45.85,13.04,0.63,21.05,49.4,0.03,19.43,35.61,13-Sep-2019 - 00:00,"Vindhyachal STPS, Singrauli - MPPCB",2019-09-12,25.7,29.9,10.8,85,94
13-Sep-2019 - 00:00,20.62,11.64,0.58,39.31,37.45,0.0,13.72,38.97,14-Sep-2019 - 00:00,"Vindhyachal STPS, Singrauli - MPPCB",2019-09-13,26.4,17.6,12.4,179,87
14-Sep-2019 - 00:00,17.93,13.38,0.59,45.31,35.68,0.0,21.55,53.71,15-Sep-2019 - 00:00,"Vindhyachal STPS, Singrauli - MPPCB",2019-09-14,27.2,1.0,17.8,166,81
15-Sep-2019 - 00:00,50.17,11.22,0.81,30.65,30.25,0.01,23.32,68.36,16-Sep-2019 - 00:00,"Vindhyachal STPS, Singrauli - MPPCB",2019-09-15,27.6,1.4,12.1,194,80
16-Sep-2019 - 00:00,33.53,11.34,0.7,32.1,40.48,0.01,31.1,89.17,17-Sep-2019 - 00:00,"Vindhyachal STPS, Singrauli - MPPCB",2019-09-16,27.6,4.2,7.6,196,84
17-Sep-2019 - 00:00,33.48,10.79,0.58,36.88,51.25,0.0,30.64,59.67,18-Sep-2019 - 00:00,"Vindhyachal STPS, Singrauli - MPPCB",2019-09-17,26.9,6.2,10.6,139,88
18-Sep-2019 - 00:00,48.21,10.93,0.68,23.71,50.95,0.0,24.77,57.29,19-Sep-2019 - 00:00,"Vindhyachal STPS, Singrauli - MPPCB",2019-09-18,26.6,5.6,14.7,112,87
19-Sep-2019 - 00:00,58.2,9.73,0.64,15.64,67.94,0.0,25.69,53.73,20-Sep-2019 - 00:00,"Vindhyachal STPS, Singrauli - MPPCB",2019-09-19,26.4,7.0,11.1,85,88
20-Sep-2019 - 00:00,62.12,10.2,0.72,19.16,57.22,0.01,24.44,47.02,21-Sep-2019 - 00:00,"Vindhyachal STPS, Singrauli - MPPCB",2019-09-20,26.8,3.4,9.7,134,87
21-Sep-2019 - 00:00,105.47,11.87,0.94,18.26,87.52,0.04,44.86,94.1,22-Sep-2019 - 00:00,"Vindhyachal STPS, Singrauli - MPPCB",2019-09-21,27.2,2.8,9.1,109,85
22-Sep-2019 - 00:00,136.34,11.0,0.89,9.48,46.76,0.0,40.43,116.43,23-Sep-2019 - 00:00,"Vindhyachal STPS, Singrauli - MPPCB",2019-09-22,26.7,7.2,9.1,82,89
23-Sep-2019 - 00:00,42.07,10.2,0.68,29.35,54.24,0.0,28.35,64.33,24-Sep-2019 - 00:00,"Vindhyachal STPS, Singrauli - MPPCB",2019-09-23,26.5,8.7,11.6,74,89
24-Sep-2019 - 00:00,37.17,9.96,0.71,30.51,64.38,0.0,28.85,47.31,25-Sep-2019 - 00:00,"Vindhyachal STPS, Singrauli - MPPCB",2019-09-24,25.7,10.9,17.0,72,89
25-Sep-2019 - 00:00,22.15,9.85,0.7,21.64,28.82,0.0,13.29,22.46,26-Sep-2019 - 00:00,"Vindhyachal STPS, Singrauli - MPPCB",2019-09-25,24.6,11.9,21.9,105,91
26-Sep-2019 - 00:00,14.73,11.55,0.6,28.79,27.58,0.0,14.72,28.98,27-Sep-2019 - 00:00,"Vindhyachal STPS, Singrauli - MPPCB",2019-09-26,24.1,15.0,19.2,146,92
27-Sep-2019 - 00:00,20.23,10.3,0.86,15.41,25.11,0.0,15.57,26.62,28-Sep-2019 - 00:00,"Vindhyachal STPS, Singrauli - MPPCB",2019-09-27,24.0,36.2,13.0,182,94
28-Sep-2019 - 00:00,20.35,8.97,0.54,21.16,23.13,0.0,10.01,24.71,29-Sep-2019 - 00:00,"Vindhyachal STPS, Singrauli - MPPCB",2019-09-28,23.7,23.7,18.8,223,92
29-Sep-2019 - 00:00,,,,,,,,,30-Sep-2019 - 00:00,"Vindhyachal STPS, Singrauli - MPPCB",2019-09-29,23.6,31.7,21.1,240,91
30-Sep-2019 - 00:00,58.12,11.53,0.9,27.67,29.4,0.03,33.39,64.38,01-Oct-2019 - 00:00,"Vindhyachal STPS, Singrauli - MPPCB",2019-09-30,24.1,7.1,20.4,273,89
01-Oct-2019 - 00:00,45.47,9.41,0.67,17.52,36.24,0.0,20.74,53.51,02-Oct-2019 - 00:00,"Vindhyachal STPS, Singrauli - MPPCB",2019-10-01,25.0,4.0,16.9,272,89
02-Oct-2019 - 00:00,15.74,10.56,0.64,42.32,44.67,0.0,15.78,40.74,03-Oct-2019 - 00:00,"Vindhyachal STPS, Singrauli - MPPCB",2019-10-02,25.4,12.6,13.0,186,87
03-Oct-2019 - 00:00,21.56,9.99,0.67,34.12,33.09,0.0,15.83,35.65,04-Oct-2019 - 00:00,"Vindhyachal STPS, Singrauli - MPPCB",2019-10-03,24.0,3.0,18.5,286,90
04-Oct-2019 - 00:00,53.57,10.37,0.82,30.64,39.83,0.01,29.19,53.8,05-Oct-2019 - 00:00,"Vindhyachal STPS, Singrauli - MPPCB",2019-10-04,24.4,3.2,16.3,303,91
05-Oct-2019 - 00:00,91.04,12.06,1.17,28.56,46.25,0.04,47.85,110.5,06-Oct-2019 - 00:00,"Vindhyachal STPS, Singrauli - MPPCB",2019-10-05,25.2,1.8,8.6,339,85
06-Oct-2019 - 00:00,117.47,13.36,1.34,29.18,49.9,0.06,69.97,162.42,07-Oct-2019 - 00:00,"Vindhyachal STPS, Singrauli - MPPCB",2019-10-06,25.7,0.3,8.3,353,77
07-Oct-2019 - 00:00,97.85,14.34,1.13,41.84,54.38,0.04,63.27,142.17,08-Oct-2019 - 00:00,"Vindhyachal STPS, Singrauli - MPPCB",2019-10-07,25.6,0.0,11.3,2,75
08-Oct-2019 - 00:00,112.19,27.98,1.17,54.68,54.6,0.06,82.83,177.47,09-Oct-2019 - 00:00,"Vindhyachal STPS, Singrauli - MPPCB",2019-10-08,25.5,0.0,8.7,5,72
09-Oct-2019 - 00:00,87.62,51.21,1.09,46.88,47.63,0.03,61.88,142.86,10-Oct-2019 - 00:00,"Vindhyachal STPS, Singrauli - MPPCB",2019-10-09,25.0,0.6,10.5,28,82
10-Oct-2019 - 00:00,155.84,51.97,1.15,11.19,40.13,0.06,70.31,149.47,11-Oct-2019 - 00:00,"Vindhyachal STPS, Singrauli - MPPCB",2019-10-10,24.9,1.2,7.7,359,86
11-Oct-2019 - 00:00,181.72,47.55,1.14,11.58,29.88,0.08,73.42,169.12,12-Oct-2019 - 00:00,"Vindhyachal STPS, Singrauli - MPPCB",2019-10-11,24.7,0.2,9.2,346,75
12-Oct-2019 - 00:00,155.98,54.5,0.89,33.34,55.03,0.05,82.04,222.85,13-Oct-2019 - 00:00,"Vindhyachal STPS, Singrauli - MPPCB",2019-10-12,24.7,0.0,7.7,28,70
13-Oct-2019 - 00:00,56.02,66.81,0.44,101.92,47.57,0.01,52.05,131.45,14-Oct-2019 - 00:00,"Vindhyachal STPS, Singrauli - MPPCB",2019-10-13,24.7,0.0,9.6,321,68
14-Oct-2019 - 00:00,187.98,55.5,0.44,49.3,40.59,0.05,74.5,224.96,15-Oct-2019 - 00:00,"Vindhyachal STPS, Singrauli - MPPCB",2019-10-14,24.3,0.0,9.3,327,69
15-Oct-2019 - 00:00,168.14,57.22,0.46,35.43,55.79,0.05,79.0,251.56,16-Oct-2019 - 00:00,"Vindhyachal STPS, Singrauli - MPPCB",2019-10-15,24.2,0.0,8.8,75,72
16-Oct-2019 - 00:00,148.07,58.8,0.6,24.85,56.82,0.04,87.63,232.19,17-Oct-2019 - 00:00,"Vindhyachal STPS, Singrauli - MPPCB",2019-10-16,24.1,0.3,9.5,58,75
17-Oct-2019 - 00:00,189.37,58.86,,27.73,47.15,0.06,108.0,305.37,18-Oct-2019 - 00:00,"Vindhyachal STPS, Singrauli - MPPCB",2019-10-17,24.6,0.0,10.5,76,75
18-Oct-2019 - 00:00,78.86,42.6,,51.81,48.28,0.02,70.2,185.29,19-Oct-2019 - 00:00,"Vindhyachal STPS, Singrauli - MPPCB",2019-10-18,24.9,2.9,10.8,85,81
19-Oct-2019 - 00:00,68.83,30.39,,35.85,53.74,0.01,37.39,92.21,20-Oct-2019 - 00:00,"Vindhyachal STPS, Singrauli - MPPCB",2019-10-19,24.2,10.6,9.1,60,90
20-Oct-2019 - 00:00,121.14,34.23,1.98,8.04,50.88,0.07,72.38,134.0,21-Oct-2019 - 00:00,"Vindhyachal STPS, Singrauli - MPPCB",2019-10-20,23.1,20.2,11.7,346,94
21-Oct-2019 - 00:00,96.31,37.92,1.09,42.14,42.46,0.03,80.74,168.54,22-Oct-2019 - 00:00,"Vindhyachal STPS, Singrauli - MPPCB",2019-10-21,23.7,0.4,11.4,318,84
22-Oct-2019 - 00:00,147.49,34.58,1.87,37.58,53.83,0.05,105.99,264.8,23-Oct-2019 - 00:00,"Vindhyachal STPS, Singrauli - MPPCB",2019-10-22,23.5,0.0,9.7,318,75
23-Oct-2019 - 00:00,111.85,38.96,1.63,44.4,36.37,0.05,90.1,228.76,24-Oct-2019 - 00:00,"Vindhyachal STPS, Singrauli - MPPCB",2019-10-23,23.0,0.0,13.0,6,72
24-Oct-2019 - 00:00,60.96,43.78,2.05,45.73,84.06,0.0,56.11,168.12,25-Oct-2019 - 00:00,"Vindhyachal STPS, Singrauli - MPPCB",2019-10-24,23.2,0.0,14.6,68,79
25-Oct-2019 - 00:00,73.8,28.14,0.91,20.08,54.71,0.0,22.03,74.91,26-Oct-2019 - 00:00,"Vindhyachal STPS, Singrauli - MPPCB",2019-10-25,21.5,1.1,12.4,62,86
26-Oct-2019 - 00:00,76.78,31.33,0.48,20.63,36.03,0.03,49.88,126.2,27-Oct-2019 - 00:00,"Vindhyachal STPS, Singrauli - MPPCB",2019-10-26,20.9,0.1,9.8,56,88
27-Oct-2019 - 00:00,128.89,33.1,0.51,15.74,62.02,0.05,99.8,175.58,28-Oct-2019 - 00:00,"Vindhyachal STPS, Singrauli - MPPCB",2019-10-27,23.0,0.5,8.4,26,80
28-Oct-2019 - 00:00,128.09,44.43,0.57,20.24,47.21,0.05,97.61,232.31,29-Oct-2019 - 00:00,"Vindhyachal STPS, Singrauli - MPPCB",2019-10-28,23.2,0.3,7.9,88,79
29-Oct-2019 - 00:00,154.85,42.74,,32.27,48.71,0.06,116.1,227.83,30-Oct-2019 - 00:00,"Vindhyachal STPS, Singrauli - MPPCB",2019-10-29,23.2,0.4,10.2,43,80
30-Oct-2019 - 00:00,144.68,45.33,,40.27,37.69,0.05,127.82,266.59,31-Oct-2019 - 00:00,"Vindhyachal STPS, Singrauli - MPPCB",2019-10-30,23.4,0.0,11.4,313,77
31-Oct-2019 - 00:00,115.63,52.29,,46.78,21.83,0.05,170.24,312.06,01-Nov-2019 - 00:00,"Vindhyachal STPS, Singrauli - MPPCB",2019-10-31,23.4,0.0,9.7,327,78
01-Nov-2019 - 00:00,201.13,68.82,,57.25,50.03,0.09,259.06,402.62,02-Nov-2019 - 00:00,"Vindhyachal STPS, Singrauli - MPPCB",2019-11-01,23.8,0.0,6.8,335,77
02-Nov-2019 - 00:00,163.02,49.13,,52.95,32.7,0.08,192.23,348.57,03-Nov-2019 - 00:00,"Vindhyachal STPS, Singrauli - MPPCB",2019-11-02,24.6,0.0,6.8,2,71
03-Nov-2019 - 00:00,88.28,41.61,,45.36,25.88,0.03,111.76,222.06,04-Nov-2019 - 00:00,"Vindhyachal STPS, Singrauli - MPPCB",2019-11-03,25.3,0.0,12.6,311,68
04-Nov-2019 - 00:00,100.92,51.48,,89.25,37.42,0.04,168.82,297.64,05-Nov-2019 - 00:00,"Vindhyachal STPS, Singrauli - MPPCB",2019-11-04,23.9,0.2,12.7,306,77
05-Nov-2019 - 00:00,111.26,57.7,,82.84,49.43,0.03,149.86,264.39,06-Nov-2019 - 00:00,"Vindhyachal STPS, Singrauli - MPPCB",2019-11-05,23.2,0.1,12.8,305,72
06-Nov-2019 - 00:00,143.46,45.17,,75.74,62.67,0.04,109.42,219.06,07-Nov-2019 - 00:00,"Vindhyachal STPS, Singrauli - MPPCB",2019-11-06,21.9,0.0,10.9,313,65
07-Nov-2019 - 00:00,225.01,45.74,,16.19,71.02,0.06,140.59,280.41,08-Nov-2019 - 00:00,"Vindhyachal STPS, Singrauli - MPPCB",2019-11-07,21.9,0.0,8.7,55,63
08-Nov-2019 - 00:00,89.91,33.04,0.59,74.7,36.71,0.03,108.76,228.56,09-Nov-2019 - 00:00,"Vindhyachal STPS, Singrauli - MPPCB",2019-11-08,21.5,0.0,10.9,65,74
09-Nov-2019 - 00:00,23.94,13.61,0.72,67.85,28.01,0.04,90.07,213.93,10-Nov-2019 - 00:00,"Vindhyachal STPS, Singrauli - MPPCB",2019-11-09,22.2,0.1,11.2,16,79
10-Nov-2019 - 00:00,,,,,,,,,11-Nov-2019 - 00:00,"Vindhyachal STPS, Singrauli - MPPCB",2019-11-10,23.3,0.0,12.3,344,74
11-Nov-2019 - 00:00,46.78,12.96,0.7,62.88,23.58,0.02,112.48,287.0,12-Nov-2019 - 00:00,"Vindhyachal STPS, Singrauli - MPPCB",2019-11-11,22.1,0.0,12.1,324,65
12-Nov-2019 - 00:00,48.89,13.76,0.73,24.05,23.68,0.03,132.46,311.07,13-Nov-2019 - 00:00,"Vindhyachal STPS, Singrauli - MPPCB",2019-11-12,21.5,0.0,9.2,318,69
13-Nov-2019 - 00:00,63.66,14.02,0.85,35.1,44.41,0.05,132.6,282.63,14-Nov-2019 - 00:00,"Vindhyachal STPS, Singrauli - MPPCB",2019-11-13,21.6,0.0,7.4,334,67
14-Nov-2019 - 00:00,72.38,13.39,0.57,34.66,49.37,0.05,148.82,337.24,15-Nov-2019 - 00:00,"Vindhyachal STPS, Singrauli - MPPCB",2019-11-14,21.5,0.0,8.7,80,66
15-Nov-2019 - 00:00,146.35,12.3,0.67,14.99,91.77,0.04,159.74,377.63,16-Nov-2019 - 00:00,"Vindhyachal STPS, Singrauli - MPPCB",2019-11-15,21.1,0.0,7.6,354,62
16-Nov-2019 - 00:00,60.62,10.98,0.66,19.16,35.25,0.1,121.54,364.38,17-Nov-2019 - 00:00,"Vindhyachal STPS, Singrauli - MPPCB",2019-11-16,20.5,0.0,9.6,306,64
17-Nov-2019 - 00:00,53.68,13.54,0.74,38.58,,0.0,106.72,220.62,18-Nov-2019 - 00:00,"Vindhyachal STPS, Singrauli - MPPCB",2019-11-17,21.8,0.0,13.7,289,70
18-Nov-2019 - 00:00,28.0,10.12,1.01,59.37,,0.0,52.28,140.96,19-Nov-2019 - 00:00,"Vindhyachal STPS, Singrauli - MPPCB",2019-11-18,21.1,0.0,13.9,313,63
19-Nov-2019 - 00:00,54.96,11.04,0.92,54.59,,0.04,110.25,257.6,20-Nov-2019 - 00:00,"Vindhyachal STPS, Singrauli - MPPCB",2019-11-19,20.5,0.0,13.6,301,66
20-Nov-2019 - 00:00,75.35,11.53,0.64,27.79,77.86,0.06,124.56,338.66,21-Nov-2019 - 00:00,"Vindhyachal STPS, Singrauli - MPPCB",2019-11-20,20.5,0.0,8.6,2,67
21-Nov-2019 - 00:00,68.53,12.94,0.47,23.61,61.66,0.05,113.55,256.86,22-Nov-2019 - 00:00,"Vindhyachal STPS, Singrauli - MPPCB",2019-11-21,20.4,0.0,9.1,26,69
22-Nov-2019 - 00:00,79.03,12.08,0.38,40.41,72.62,0.04,121.04,268.71,23-Nov-2019 - 00:00,"Vindhyachal STPS, Singrauli - MPPCB",2019-11-22,20.4,0.0,10.2,333,68
23-Nov-2019 - 00:00,54.76,17.17,1.07,99.41,69.4,0.05,149.59,280.05,24-Nov-2019 - 00:00,"Vindhyachal STPS, Singrauli - MPPCB",2019-11-23,19.6,0.0,9.4,320,72
24-Nov-2019 - 00:00,,,,,,,,,25-Nov-2019 - 00:00,"Vindhyachal STPS, Singrauli - MPPCB",2019-11-24,20.4,0.0,11.7,293,69
25-Nov-2019 - 00:00,29.31,10.91,0.48,74.72,31.61,0.02,57.73,185.8,26-Nov-2019 - 00:00,"Vindhyachal STPS, Singrauli - MPPCB",2019-11-25,20.8,0.0,9.0,324,72
26-Nov-2019 - 00:00,74.92,12.37,0.85,29.37,56.01,0.05,104.3,300.92,27-Nov-2019 - 00:00,"Vindhyachal STPS, Singrauli - MPPCB",2019-11-26,21.3,0.0,9.2,82,76
27-Nov-2019 - 00:00,81.94,12.77,0.56,21.98,52.04,0.07,143.53,360.0,28-Nov-2019 - 00:00,"Vindhyachal STPS, Singrauli - MPPCB",2019-11-27,21.6,0.0,9.2,70,77
28-Nov-2019 - 00:00,67.32,10.45,1.28,21.78,32.11,0.04,114.25,257.75,29-Nov-2019 - 00:00,"Vindhyachal STPS, Singrauli - MPPCB",2019-11-28,21.8,0.0,9.0,88,76
29-Nov-2019 - 00:00,75.54,12.06,0.68,22.18,30.81,0.08,135.86,332.64,30-Nov-2019 - 00:00,"Vindhyachal STPS, Singrauli - MPPCB",2019-11-29,21.9,0.0,9.4,58,74
30-Nov-2019 - 00:00,72.17,12.92,0.74,22.87,37.34,0.06,156.67,346.1,01-Dec-2019 - 00:00,"Vindhyachal STPS, Singrauli - MPPCB",2019-11-30,20.9,0.0,9.4,12,72
01-Dec-2019 - 00:00,,,,,,,,,02-Dec-2019 - 00:00,"Vindhyachal STPS, Singrauli - MPPCB",2019-12-01,20.3,0.1,8.7,343,73
02-Dec-2019 - 00:00,33.5,13.39,0.85,57.87,24.97,0.0,108.45,116.55,03-Dec-2019 - 00:00,"Vindhyachal STPS, Singrauli - MPPCB",2019-12-02,20.2,0.0,10.4,14,74
03-Dec-2019 - 00:00,63.46,15.99,1.25,38.52,32.46,0.04,156.85,234.07,04-Dec-2019 - 00:00,"Vindhyachal STPS, Singrauli - MPPCB",2019-12-03,18.8,0.2,10.9,322,69
04-Dec-2019 - 00:00,77.08,16.75,0.54,32.01,53.39,0.07,115.36,199.42,05-Dec-2019 - 00:00,"Vindhyachal STPS, Singrauli - MPPCB",2019-12-04,16.9,0.0,9.6,6,62
05-Dec-2019 - 00:00,70.48,15.82,1.08,31.45,38.64,0.05,166.07,288.54,06-Dec-2019 - 00:00,"Vindhyachal STPS, Singrauli - MPPCB",2019-12-05,16.4,0.0,9.4,46,69
06-Dec-2019 - 00:00,69.78,15.8,0.73,27.74,42.76,0.05,149.88,283.74,07-Dec-2019 - 00:00,"Vindhyachal STPS, Singrauli - MPPCB",2019-12-06,16.9,0.0,9.5,63,74
07-Dec-2019 - 00:00,69.01,13.69,0.92,29.49,43.67,0.05,116.97,252.17,08-Dec-2019 - 00:00,"Vindhyachal STPS, Singrauli - MPPCB",2019-12-07,18.2,0.0,9.4,63,80
08-Dec-2019 - 00:00,42.21,15.71,1.78,37.76,42.7,0.02,120.35,212.23,09-Dec-2019 - 00:00,"Vindhyachal STPS, Singrauli - MPPCB",2019-12-08,18.8,0.0,9.5,53,78
09-Dec-2019 - 00:00,85.63,13.95,1.11,45.09,70.66,0.03,147.07,311.87,10-Dec-2019 - 00:00,"Vindhyachal STPS, Singrauli - MPPCB",2019-12-09,18.4,0.0,8.7,78,76
10-Dec-2019 - 00:00,77.24,15.95,0.78,57.35,114.87,0.02,144.31,271.36,11-Dec-2019 - 00:00,"Vindhyachal STPS, Singrauli - MPPCB",2019-12-10,17.8,0.0,8.6,343,73
11-Dec-2019 - 00:00,30.29,16.03,0.9,103.38,36.04,0.01,129.74,229.59,12-Dec-2019 - 00:00,"Vindhyachal STPS, Singrauli - MPPCB",2019-12-11,17.7,0.0,8.7,6,75
12-Dec-2019 - 00:00,36.44,14.88,0.52,79.36,70.4,0.0,126.44,240.31,13-Dec-2019 - 00:00,"Vindhyachal STPS, Singrauli - MPPCB",2019-12-12,19.1,0.1,11.1,99,75
13-Dec-2019 - 00:00,20.83,10.01,0.49,42.92,19.23,0.0,46.79,58.94,14-Dec-2019 - 00:00,"Vindhyachal STPS, Singrauli - MPPCB",2019-12-13,17.9,5.5,13.5,111,87
14-Dec-2019 - 00:00,46.87,12.54,0.69,23.81,52.98,0.01,99.82,158.33,15-Dec-2019 - 00:00,"Vindhyachal STPS, Singrauli - MPPCB",2019-12-14,18.9,1.1,10.4,351,86
15-Dec-2019 - 00:00,34.87,11.68,0.83,22.97,35.66,0.0,77.46,112.27,16-Dec-2019 - 00:00,"Vindhyachal STPS, Singrauli - MPPCB",2019-12-15,17.1,3.6,14.4,357,93
16-Dec-2019 - 00:00,33.88,16.36,0.65,45.61,36.23,0.0,94.79,151.02,17-Dec-2019 - 00:00,"Vindhyachal STPS, Singrauli - MPPCB",2019-12-16,17.0,0.2,11.1,349,83
17-Dec-2019 - 00:00,29.12,18.36,0.5,56.36,25.19,0.0,93.15,124.74,18-Dec-2019 - 00:00,"Vindhyachal STPS, Singrauli - MPPCB",2019-12-17,15.4,0.0,11.1,328,76
18-Dec-2019 - 00:00,,,,,,,,,19-Dec-2019 - 00:00,"Vindhyachal STPS, Singrauli - MPPCB",2019-12-18,12.6,0.0,9.7,320,82
19-Dec-2019 - 00:00,56.99,14.42,0.34,43.46,113.69,0.0,96.0,183.29,20-Dec-2019 - 00:00,"Vindhyachal STPS, Singrauli - MPPCB",2019-12-19,11.9,0.0,9.7,335,83
20-Dec-2019 - 00:00,66.06,13.3,0.78,38.26,77.81,0.02,113.36,200.28,21-Dec-2019 - 00:00,"Vindhyachal STPS, Singrauli - MPPCB",2019-12-20,12.5,0.0,7.7,303,77
21-Dec-2019 - 00:00,81.25,13.99,0.72,32.32,46.97,0.05,147.97,284.93,22-Dec-2019 - 00:00,"Vindhyachal STPS, Singrauli - MPPCB",2019-12-21,14.8,0.0,9.6,323,73
22-Dec-2019 - 00:00,82.08,16.49,0.67,37.55,47.76,0.06,161.79,297.9,23-Dec-2019 - 00:00,"Vindhyachal STPS, Singrauli - MPPCB",2019-12-22,15.7,0.0,8.6,339,77
23-Dec-2019 - 00:00,121.15,22.13,0.44,18.62,58.51,0.07,173.11,291.0,24-Dec-2019 - 00:00,"Vindhyachal STPS, Singrauli - MPPCB",2019-12-23,15.8,0.0,9.2,351,82
24-Dec-2019 - 00:00,61.38,26.77,0.41,29.93,70.22,0.04,215.59,308.93,25-Dec-2019 - 00:00,"Vindhyachal STPS, Singrauli - MPPCB",2019-12-24,16.2,0.0,11.2,30,82
25-Dec-2019 - 00:00,78.94,28.34,0.8,12.09,91.4,0.05,221.61,301.33,26-Dec-2019 - 00:00,"Vindhyachal STPS, Singrauli - MPPCB",2019-12-25,15.7,4.3,9.7,16,86
26-Dec-2019 - 00:00,46.75,27.37,0.63,52.49,66.66,0.01,187.96,286.37,27-Dec-2019 - 00:00,"Vindhyachal STPS, Singrauli - MPPCB",2019-12-26,14.5,0.0,13.1,352,72
27-Dec-2019 - 00:00,41.03,19.87,1.11,39.5,59.21,0.0,154.62,248.89,28-Dec-2019 - 00:00,"Vindhyachal STPS, Singrauli - MPPCB",2019-12-27,10.3,0.0,10.4,328,80
28-Dec-2019 - 00:00,63.15,20.94,0.57,26.31,71.4,0.0,162.36,264.7,29-Dec-2019 - 00:00,"Vindhyachal STPS, Singrauli - MPPCB",2019-12-28,10.0,0.0,8.4,356,81
29-Dec-2019 - 00:00,53.91,21.56,0.17,15.72,44.69,0.02,174.62,261.46,30-Dec-2019 - 00:00,"Vindhyachal STPS, Singrauli - MPPCB",2019-12-29,10.3,0.0,8.8,14,79
30-Dec-2019 - 00:00,79.4,18.77,0.71,27.84,74.14,0.0,194.28,314.68,31-Dec-2019 - 00:00,"Vindhyachal STPS, Singrauli - MPPCB",2019-12-30,10.8,0.0,13.2,58,83
31-Dec-2019 - 00:00,83.3,20.3,1.17,5.2,39.15,0.05,206.0,340.0,01-Jan-2020 - 00:00,"Vindhyachal STPS, Singrauli - MPPCB",2019-12-31,13.0,0.4,11.1,84,80
